word,level
a,2.0
abandon,4.5
abandoned,4.0
ability,3.0
able,6.0
abnormal,5.0
aboard,5.0
abolish,4.0
abortion,5.0
about,1.0
above,2.5
abroad,3.0
abrupt,6.0
abruptly,6.0
absence,4.0
absent,3.0
absolute,4.0
absolutely,3.5
absorb,4.5
abstract,4.0
absurd,4.0
abuse,4.5
abusive,6.0
academic,4.0
accelerate,5.5
accent,3.5
accept,4.0
acceptable,4.0
acceptance,5.0
accepted,5.0
access,3.0
accessible,5.0
accessory,5.0
accident,2.0
accidental,4.0
accidentally,3.0
acclaimed,5.0
accommodations,4.0
accompany,3.0
accomplish,5.0
account,3.5
accountable,6.0
accountant,3.0
accumulate,5.0
accumulation,6.0
accuracy,4.0
accurate,4.0
accurately,4.0
accusation,5.0
accuse,4.0
ache,3.5
achieve,3.0
achievement,3.0
acid,4.0
acknowledge,5.0
acquaintance,5.0
acquire,4.0
acre,6.0
across,2.0
act,3.5
action,5.0
active,3.5
actively,4.0
activity,4.0
actor,2.0
actual,4.0
actually,3.0
ad,1.0
adapt,4.0
adaptation,5.0
add,2.0
addict,4.0
addicted,4.0
addiction,4.0
addictive,5.0
addition,4.0
additional,4.0
address,5.0
adequate,4.0
adequately,4.0
adjacent,6.0
adjective,2.0
adjust,4.0
adjustment,4.0
administration,6.0
administrative,5.0
administrator,5.0
admiration,4.0
admire,3.5
admission,3.5
admit,3.0
admittedly,4.0
adolescent,6.0
adopt,4.0
adopted,4.0
adoption,4.0
adult,2.0
advance,4.0
advanced,2.5
advantage,3.5
adventure,2.0
adventurous,4.0
adverb,2.0
advertise,3.0
advertisement,2.0
advertising,4.0
advice,2.0
advise,3.0
adviser,5.0
advocate,6.0
affair,4.0
affect,4.0
affection,4.0
affectionate,6.0
affluent,5.0
affordable,5.0
afraid,2.5
after,3.0
afternoon,1.0
afterward,2.0
again,1.5
against,2.5
age,4.0
aged,2.0
agency,4.0
agenda,5.5
agent,4.0
ages,3.0
aggression,5.0
aggressive,4.5
aggressively,4.0
ago,2.0
agree,3.5
agreement,4.0
agriculture,4.0
ahead,3.5
aid,5.0
aim,3.0
air,2.0
aircraft,4.0
airline,3.0
airplane,2.0
airport,2.0
alarm,4.0
alarming,5.0
albeit,6.0
album,2.5
alcohol,2.0
alcoholic,6.0
alert,5.0
alike,4.0
alive,6.0
all,2.0
allegation,5.0
allege,6.0
alleged,5.0
allegedly,6.0
alliance,6.0
allied,6.0
allocate,5.0
allocation,6.0
allow,5.0
allowance,5.0
ally,5.5
almost,2.0
alone,4.0
along,3.0
alongside,5.0
aloud,3.0
alphabet,3.0
alphabetical,4.0
already,2.5
also,1.0
alter,4.0
alteration,5.0
alternate,5.0
alternative,4.0
alternatively,4.0
although,3.0
altogether,4.0
aluminum,4.0
always,2.0
am,1.0
amateur,5.0
amazed,3.0
amazement,4.0
amazing,2.5
amazingly,3.0
ambassador,4.0
ambiguity,6.0
ambiguous,6.0
ambition,3.5
ambitious,4.0
ambulance,3.0
amend,6.0
amendment,5.0
amid,5.5
among,4.0
amount,3.0
ample,5.0
amuse,4.0
amused,4.0
amusement,4.0
amusing,3.0
an,1.0
analogous,6.0
analogy,6.0
analysis,4.0
analyst,4.0
analytical,5.0
analyze,4.0
ancestor,4.0
anchor,6.0
ancient,3.0
and,1.0
angel,3.0
anger,4.0
angle,5.0
angrily,3.0
angry,2.0
animal,2.5
animated,4.5
animation,3.0
ankle,3.0
anniversary,3.0
announce,3.0
announcement,3.0
annoy,3.0
annoyance,5.0
annoyed,3.0
annoying,3.0
annual,3.0
annually,4.0
anonymous,6.0
another,2.0
answer,2.0
ant,3.0
antibiotic,6.0
anticipate,5.0
anticipation,6.0
antique,3.0
antisocial,5.0
anxiety,4.0
anxious,3.5
anxiously,4.0
any,1.0
anybody,2.5
anyhow,4.0
anymore,2.0
anyone,2.5
anything,1.0
anyway,2.0
anywhere,2.0
apart,4.0
apartment,2.0
apologetic,6.0
apologize,3.0
apology,3.0
apostrophe,4.0
appalling,6.0
apparent,4.5
apparently,4.0
appeal,4.5
appear,3.0
appearance,4.0
appetite,5.0
applaud,5.5
applause,5.0
apple,1.0
appliance,5.0
application,4.0
apply,4.0
appoint,5.0
appointment,4.0
appreciate,5.0
appreciation,4.0
approach,4.0
appropriate,4.0
appropriately,4.0
approval,4.0
approve,3.5
approximate,4.0
approximately,3.0
april,1.0
arbitrary,6.0
arch,6.0
archaeologist,5.0
archaeology,5.0
architect,3.0
architecture,3.0
area,3.0
argue,3.5
argument,3.5
arid,6.0
arise,5.0
arm,3.5
armchair,2.0
armed,4.0
army,6.0
around,2.0
arouse,6.0
arrange,3.5
arrangement,4.0
arrest,3.5
arrival,5.0
arrive,2.0
arrogant,4.0
arrow,4.0
art,2.0
article,3.0
artificial,5.0
artificially,4.0
artist,2.0
artistic,4.0
arts,5.0
as,2.5
ashamed,3.0
aside,4.0
ask,3.0
asleep,4.5
aspect,4.0
aspiration,6.0
aspirin,3.0
assault,6.0
assemble,6.0
assembly,6.0
assert,5.0
assertive,6.0
assess,4.0
assessment,4.0
asset,5.0
assign,5.0
assignment,3.0
assist,4.0
assistance,4.0
assistant,3.0
associate,5.0
association,5.0
assume,4.0
assumption,5.0
assurance,5.5
assure,4.5
astonished,4.0
astonishing,4.0
astonishment,4.0
astronomy,6.0
at,1.0
athlete,3.0
athletic,4.0
atmosphere,3.5
atom,4.0
atomic,4.0
attach,3.0
attached,4.0
attachment,4.0
attack,5.0
attain,5.0
attainable,6.0
attempt,3.5
attend,3.0
attendance,5.0
attention,3.0
attic,4.0
attitude,3.0
attorney,5.0
attract,3.0
attraction,4.5
attractive,3.0
attribute,6.0
auction,5.0
audience,3.5
audition,5.0
august,1.0
aunt,2.0
authentic,5.0
author,3.0
authority,4.5
authorize,5.0
automatic,6.0
automatically,4.0
availability,4.0
available,2.0
avenue,5.5
average,3.0
avoid,3.5
awake,3.0
award,4.0
aware,4.0
awareness,5.0
away,3.5
awe,6.0
awesome,4.0
awful,2.0
awkward,4.0
baby,1.5
babysit,3.0
babysitter,3.0
back,3.5
backache,3.0
background,4.0
backing,6.0
backpack,2.0
backpacker,3.0
backpacking,3.0
backup,4.0
backward,4.5
backyard,3.0
bacon,3.0
bacteria,5.0
bad,3.0
badge,4.0
badly,2.0
badminton,2.0
badtempered,4.0
bag,1.0
baggage,4.5
bake,2.0
baker,3.0
bakery,4.0
balance,4.0
balanced,4.0
balcony,4.5
bald,3.0
ball,1.0
ballet,4.0
balloon,2.0
ban,4.0
banana,1.0
band,3.5
bandage,2.0
bang,4.0
bank,2.5
banker,4.0
banking,3.0
bankrupt,5.0
bar,4.0
barbecue,2.0
barbecued,3.0
barber,3.0
barbershop,3.0
bare,5.5
barely,5.0
bargain,3.0
bark,5.0
barn,6.0
barrier,4.0
bartender,4.0
base,5.0
baseball,1.0
basement,4.0
basic,3.0
basically,4.0
basis,5.0
basket,3.0
basketball,1.0
bat,2.0
bath,1.0
bathroom,1.0
bathtub,3.0
battery,2.0
battle,5.0
bay,3.0
be,2.0
beach,1.0
beak,5.0
beam,4.0
bean,1.0
bear,5.0
beard,1.0
beat,4.0
beautiful,1.0
beautifully,3.0
beauty,3.0
because,1.0
bed,6.0
bedroom,1.0
bee,3.0
beef,3.0
beer,1.0
before,3.0
beg,4.0
begin,1.5
beginner,2.0
beginning,2.0
behave,3.0
behavior,3.0
behind,3.0
belief,4.0
believe,2.0
bell,3.5
belong,4.0
belongings,4.0
below,3.0
belt,2.0
bench,4.0
bend,4.0
beneath,5.0
beneficial,4.0
benefit,3.0
berry,4.0
beside,3.0
besides,3.0
best,1.0
bestseller,4.0
bet,5.5
betray,4.0
better,1.0
between,2.0
beware,5.0
beyond,5.0
bias,6.0
biased,5.0
bicycle,2.0
bid,5.5
big,2.0
bike,2.0
bikini,4.0
bilingual,5.0
bill,2.5
billion,4.0
bind,6.0
biography,3.0
biological,4.0
biology,2.0
bird,1.0
birth,3.5
birthday,1.0
bit,3.0
bite,4.0
bitter,4.0
bizarre,4.0
black,2.0
blackboard,2.0
blackmail,6.0
blade,4.0
blame,3.5
bland,6.0
blank,5.0
blanket,4.0
bleak,6.0
bleed,3.0
blend,6.0
blind,3.0
blindness,5.5
blink,4.0
blister,6.0
block,4.0
blog,3.0
blogger,3.0
blond,2.0
blood,4.0
bloody,4.5
blouse,1.0
blow,6.0
blue,2.0
blunt,6.0
blush,4.0
board,3.0
boast,5.0
boat,1.0
body,2.5
boil,3.0
boiled,3.0
boiling,4.0
bold,4.0
boldly,4.0
bomb,3.0
bomber,5.0
bombing,4.0
bond,5.0
bone,3.0
bonus,4.0
book,3.0
bookcase,1.0
booklet,4.0
bookmark,4.0
bookshelf,2.0
bookstore,1.0
boost,4.0
boot,1.0
border,3.0
bored,3.0
boring,1.0
borrow,3.5
boss,2.0
bossy,4.0
both,1.0
bother,4.0
bothered,4.0
bottle,2.0
bottom,2.5
bounce,4.5
bound,5.0
boundary,5.0
bow,4.0
bowl,2.0
box,1.5
boxing,3.0
boy,1.0
boyfriend,2.0
bra,4.0
bracelet,2.0
bracket,5.0
brain,3.5
brake,3.5
branch,3.0
brand,4.0
brass,5.5
brave,3.0
bravely,3.0
bravery,4.0
bread,1.0
break,3.0
breakable,4.0
breakdown,4.5
breakfast,1.0
breakthrough,4.0
breast,3.0
breath,3.0
breathe,3.0
breathtaking,4.0
breed,4.0
breeze,3.0
bribe,5.0
bribery,6.0
brick,4.0
bride,3.0
bridge,4.0
brief,3.0
briefly,3.0
bright,3.5
brightly,4.0
brilliant,3.0
brilliantly,4.0
bring,2.0
broad,3.0
broadband,4.0
broadcast,4.0
broaden,5.0
broadly,5.0
broadminded,6.0
broccoli,3.0
brochure,3.0
broken,2.0
bronze,6.0
brother,1.0
brotherinlaw,4.0
brown,1.5
browse,4.0
browser,4.0
bruise,4.0
brush,2.0
brutal,5.0
bubble,5.5
bucket,3.0
budget,4.0
bug,4.0
build,2.0
builder,3.0
building,2.0
bulb,3.0
bulky,5.0
bull,3.0
bullet,4.0
bully,5.0
bump,5.0
bumper,4.0
bun,4.0
bunch,3.0
bundle,6.0
burden,5.0
bureaucracy,6.0
burger,2.0
burglar,4.0
burglary,4.0
burial,6.0
burn,3.0
burning,3.0
burst,4.0
bury,3.5
bus,1.0
bush,4.0
business,2.0
businessman,2.0
businesswoman,2.0
busy,1.0
but,3.0
butcher,3.0
butt,5.0
butter,1.0
butterfly,3.0
button,3.0
buy,1.0
buyer,3.0
buzz,6.0
by,2.5
bye,1.0
cab,3.0
cabbage,3.0
cabin,3.0
cabinet,2.0
cable,3.5
cafeteria,2.0
café,1.0
cage,3.0
cake,1.0
calculate,4.0
calculation,4.0
calculator,3.0
calendar,3.0
calf,4.5
call,3.0
calm,3.0
calmly,4.0
camel,3.0
camera,1.0
camp,3.0
campaign,5.0
camping,2.0
campsite,3.0
campus,4.0
can,2.0
canal,3.0
cancel,3.0
cancellation,5.0
cancer,3.0
candidate,4.0
candle,3.0
candy,2.0
canned,4.0
cannot,1.0
cap,3.5
capability,5.0
capable,4.0
capacity,4.0
capital,2.0
capitalism,6.0
capitalist,6.0
captain,3.5
capture,4.0
car,3.0
carbon,4.0
card,2.5
cardboard,4.0
cardigan,4.0
care,3.0
career,4.5
carefree,6.0
careful,2.0
carefully,2.0
careless,3.0
carelessly,4.0
carelessness,4.0
cargo,6.0
caring,4.0
carnival,4.0
carpet,2.0
carriage,6.0
carrot,4.0
carry,4.5
cart,4.0
cartoon,2.0
carve,6.0
case,4.0
cash,2.5
casserole,6.0
cast,4.0
castle,2.0
casual,3.5
casually,4.0
casualty,6.0
cat,1.0
catalog,4.0
catastrophe,6.0
catch,3.0
category,4.0
cater,5.0
catering,4.0
cathedral,2.0
cattle,3.0
cause,4.5
caution,5.5
cautious,4.0
cave,3.0
cd,1.0
cdrom,3.0
cease,4.0
ceiling,4.0
celebrate,3.0
celebration,3.0
celebrity,3.0
cell,4.0
cellar,4.0
cello,4.0
cemetery,4.0
cent,2.0
center,2.0
centigrade,4.0
centimeter,2.0
central,5.0
century,2.0
cereal,3.5
ceremony,3.0
certain,3.0
certainly,2.0
certainty,5.0
certificate,3.0
chain,3.0
chair,1.0
challenge,4.0
challenging,3.0
champagne,2.0
champion,4.5
championship,3.0
chance,3.0
chancellor,6.0
change,2.0
changeable,5.0
channel,6.0
chaos,4.0
chaotic,5.0
chapel,6.0
chapter,3.0
character,4.5
characteristic,5.0
charge,4.0
charisma,6.0
charismatic,6.0
charity,4.5
charm,6.0
charming,3.0
chart,4.0
chase,5.0
chat,2.0
chatty,5.0
cheap,3.0
cheat,4.0
check,2.0
checkout,3.0
cheek,3.0
cheer,5.0
cheerful,3.5
cheerfully,4.0
cheerfulness,6.0
cheers,3.0
cheese,1.0
chef,2.0
chemical,4.0
chemist,3.0
chemistry,2.0
cherry,4.0
chess,2.0
chest,5.0
chew,4.0
chicken,2.0
chief,4.0
child,1.0
childhood,3.0
childish,4.0
chili,4.5
chill,6.0
chilly,5.0
chimney,4.0
chin,3.0
chip,4.0
chocolate,1.0
choice,3.0
choir,4.0
cholesterol,5.0
choose,1.0
chop,4.0
chore,5.0
chronic,6.0
church,2.0
cigarette,2.0
cinema,4.0
circle,3.5
circuit,6.0
circular,5.0
circulation,6.0
circumstance,4.0
circus,3.0
citizen,4.0
city,1.0
civil,5.0
civilian,6.0
civilization,4.5
claim,4.0
clap,3.0
clarification,5.0
clarify,5.0
clarity,6.0
clash,6.0
class,1.5
classic,4.0
classical,6.0
classification,6.0
classify,5.0
classmate,2.0
classroom,1.0
clause,4.0
clean,1.0
cleaner,2.0
clear,3.0
clearly,2.0
clever,3.0
cliché,6.0
clichéd,6.0
click,6.0
client,4.0
cliff,3.0
climate,4.5
climb,3.0
climbing,2.0
cling,6.0
clinic,3.0
clinical,5.5
clock,1.0
close,3.0
closed,1.0
closely,5.0
closeness,5.0
closet,2.0
closure,6.0
cloth,4.0
clothes,1.0
clothing,4.0
cloud,4.0
cloudy,2.0
clown,2.0
club,3.0
clue,4.0
clumsiness,6.0
clumsy,4.0
clutch,5.5
coach,3.5
coaching,4.0
coal,5.0
coast,3.0
coastal,4.0
coastline,6.0
coat,1.0
coconut,3.0
cod,3.0
code,4.5
coffee,1.0
coherence,6.0
coherent,6.0
coin,4.5
coincide,6.0
coincidence,4.0
cola,2.0
cold,2.0
coldness,6.0
collaborate,5.0
collaboration,5.0
collapse,4.0
collar,3.5
colleague,2.0
collect,3.0
collection,3.0
collector,4.0
college,2.0
collocation,4.0
colon,4.0
color,6.0
colorful,3.5
column,4.0
comb,2.5
combat,6.0
combination,4.0
combine,4.0
come,1.5
comeback,6.0
comedian,4.0
comedy,3.0
comfort,6.0
comfortable,3.5
comfortably,4.0
comforting,6.0
comic,2.5
comma,3.0
command,4.5
commander,6.0
commemorate,6.0
commence,6.0
comment,3.5
commerce,4.0
commercial,4.0
commit,5.0
commitment,4.0
committed,6.0
committee,4.0
commodity,5.0
common,3.0
commonly,5.0
communicate,3.5
communication,3.0
communicative,4.0
community,4.0
commute,5.0
companion,4.0
company,3.0
comparable,5.0
comparative,3.5
compare,3.0
comparison,4.0
compatible,6.0
compensate,5.5
compete,3.5
competence,5.0
competent,5.0
competition,3.0
competitive,4.0
competitor,3.0
compile,5.0
complain,3.0
complaint,4.0
complete,2.0
completely,3.0
completion,5.0
complex,5.0
complexion,6.0
complexity,6.0
complicate,5.0
complicated,3.0
complication,5.5
compliment,5.5
complimentary,6.0
comply,5.0
component,5.0
compose,4.0
composer,4.0
composition,6.0
comprehensive,5.0
comprehensively,5.0
comprise,5.0
compromise,4.0
compulsive,6.0
compulsory,4.0
computer,1.0
conceal,6.0
concede,6.0
conceited,6.0
conceive,6.0
concentrate,3.0
concentration,5.0
concept,4.0
conception,6.0
concern,4.0
concerned,5.0
concerning,4.0
concert,2.0
concession,6.0
conclude,5.0
conclusion,4.5
conclusive,6.0
conclusively,6.0
concrete,5.0
condemn,6.0
condition,4.5
conditions,3.0
conduct,4.0
conductor,4.0
conference,3.0
confess,4.0
confession,4.0
confidence,5.0
confident,3.5
confidential,5.0
confidently,4.0
confine,6.0
confirm,3.5
confirmation,4.0
conflict,4.0
confront,6.0
confrontation,6.0
confuse,4.0
confused,3.5
confusing,3.0
confusion,4.0
congestion,5.0
congratulate,4.0
congratulations,2.0
conjunction,4.0
connect,4.5
connection,4.0
conquer,5.0
conscience,6.0
conscientious,5.0
conscious,5.0
consciousness,4.5
consecutive,6.0
consensus,6.0
consent,5.5
consequence,4.0
consequently,4.0
conservation,4.5
conservative,5.0
consider,5.0
considerable,4.0
considerably,4.0
considerate,5.0
consideration,4.0
considering,4.0
consistent,6.0
consistently,6.0
consonant,3.0
constant,5.0
constantly,4.0
constitute,5.0
constitution,5.5
constitutional,6.0
constrain,6.0
constraint,6.0
construct,4.0
construction,4.0
constructive,5.0
consult,5.0
consultant,4.0
consultation,6.0
consume,4.5
consumer,4.0
consumption,5.0
contact,3.0
contain,4.0
container,4.0
contemplate,6.0
contemporary,4.0
contempt,6.0
content,4.0
contents,3.0
contest,4.5
contestant,5.0
context,4.5
continent,3.0
continental,6.0
continual,5.0
continually,5.0
continue,3.0
continuity,6.0
continuous,4.0
continuously,4.0
contraception,6.0
contraceptive,6.0
contract,6.0
contradict,5.5
contradiction,6.0
contradictory,6.0
contrary,6.0
contrast,6.0
contribute,4.5
contribution,4.0
control,4.0
controversial,4.0
controversy,5.0
convenience,4.5
convenient,3.0
conveniently,4.0
convention,5.0
conventional,4.0
conversation,1.0
conversion,6.0
convert,5.0
convey,5.0
convict,6.0
conviction,6.0
convince,3.0
convinced,4.0
convincing,5.0
cook,1.5
cookie,4.0
cooking,2.0
cool,3.5
coolness,6.0
cooperate,4.0
cooperation,4.0
cooperative,4.0
cope,4.0
copper,4.0
copy,4.0
coral,6.0
core,6.0
corn,3.0
corner,2.0
corporate,5.0
corporation,4.0
corpse,6.0
correct,3.5
correction,3.0
correctly,3.0
correspond,4.0
corresponding,6.0
corridor,4.0
corrupt,5.0
corruption,5.0
cosmopolitan,5.0
cost,3.0
costume,4.0
cottage,3.0
cotton,3.0
couch,2.0
cough,3.0
could,3.0
council,4.0
counsel,6.0
counseling,6.0
counselor,6.0
count,6.0
counter,5.0
counterpart,5.0
countless,5.0
country,1.0
countryside,3.0
county,4.0
coup,6.0
couple,3.0
courage,4.0
courageous,5.0
course,3.0
court,3.5
courteous,6.0
courtesy,4.0
cousin,2.0
cover,4.0
coverage,5.0
cow,1.0
coward,4.0
cowardly,4.0
cozy,3.0
crab,4.0
crack,5.0
crackdown,6.0
cracker,1.0
craft,4.0
crash,4.0
crave,6.0
craving,6.0
crawl,5.0
craziness,6.0
crazy,3.0
cream,2.0
create,3.0
creation,4.0
creative,3.0
creatively,4.0
creativity,4.0
creature,3.0
credibility,6.0
credit,3.5
creep,6.0
crew,3.5
cricket,4.0
crime,3.0
criminal,3.5
crisis,4.0
crisp,6.0
criterion,5.0
critic,4.5
critical,4.0
critically,4.0
criticism,4.0
criticize,4.0
crocodile,4.0
crop,3.0
cross,2.5
crossing,4.0
crossroads,4.0
crowd,3.5
crowded,2.0
crucial,4.0
crude,6.0
cruel,3.0
cruelly,4.0
cruelty,4.0
cruise,3.5
crumble,6.0
crush,6.0
cry,3.0
crystal,6.0
cucumber,3.0
cultivate,5.5
cultivation,5.0
cultural,3.0
culturally,4.0
culture,3.0
cunning,6.0
cup,2.0
cupboard,3.0
curb,6.0
cure,4.0
curiosity,4.0
curious,3.0
curiously,3.5
curly,3.0
currency,3.0
current,4.0
currently,4.0
curriculum,3.0
curry,2.0
cursor,4.0
curtain,2.0
curve,4.0
cushion,4.5
custody,6.0
custom,3.0
customary,5.0
customer,2.0
customs,3.0
cut,3.5
cutback,5.0
cuttingedge,5.0
cv,3.0
cycle,4.0
cycling,2.0
cyclist,3.0
cynical,6.0
dad,1.0
daily,2.0
dairy,4.0
damage,3.0
damaged,3.0
damn,3.0
damp,4.0
dance,2.0
dancer,2.0
dancing,1.0
danger,2.5
dangerous,2.0
dangerously,3.0
dark,2.0
darkness,4.0
darling,4.0
dash,4.0
data,4.0
database,4.0
date,3.0
dated,6.0
daughter,1.0
daughterinlaw,4.0
dawn,4.0
day,2.0
daydream,5.0
daylight,4.0
days,5.0
daytime,4.0
daytoday,5.0
dazed,6.0
dazzle,6.0
dazzling,6.0
dead,6.0
deadline,4.0
deadly,4.0
deaf,3.0
deal,4.0
dealer,4.0
dear,2.5
death,3.0
debate,5.0
debit,4.0
debt,4.0
debut,5.0
decade,4.0
decaffeinated,6.0
decay,5.0
deceased,6.0
deceive,4.0
december,1.0
decent,4.0
deception,6.0
deceptive,6.0
decide,4.0
decision,3.0
decisive,4.5
decisively,6.0
deck,3.0
declaration,5.0
declare,3.5
decline,4.0
decorate,3.0
decoration,4.0
decorative,4.0
decrease,3.0
dedicated,5.5
dedication,5.0
deduce,6.0
deduction,5.5
deem,6.0
deep,3.5
deepen,5.5
deeply,4.0
deer,4.0
defeat,3.5
defect,5.0
defective,6.0
defend,4.0
defender,4.0
defense,3.0
defensive,6.0
deficiency,5.5
deficit,5.0
define,4.0
definite,4.0
definitely,3.0
definition,4.5
definitive,6.0
defy,6.0
degree,3.0
delay,2.0
delegate,5.5
delegation,6.0
delete,3.0
deliberate,4.0
deliberately,4.0
delicate,4.5
delicious,3.0
delight,4.0
delighted,3.0
delightful,4.0
deliver,4.0
delivery,3.0
demand,3.5
demanding,4.0
democracy,4.0
democratic,4.0
demolish,4.0
demonstrate,4.5
demonstration,5.0
denial,6.0
denim,4.0
dense,4.0
densely,4.0
density,5.0
dental,4.0
dentist,2.0
deny,4.0
deodorant,5.0
depart,3.0
department,2.0
departure,3.0
dependence,6.0
dependent,4.0
depict,6.0
deposit,5.0
depressed,4.5
depressing,4.0
depression,5.0
deprivation,6.0
deprive,4.0
deprived,5.0
depth,4.0
deputy,5.0
descend,4.0
descendant,6.0
describe,2.0
description,3.0
desert,2.0
deserted,5.0
deserve,3.0
design,3.0
designer,3.5
desirable,4.0
desire,4.5
desk,1.0
desktop,4.0
despair,4.0
desperate,4.0
desperately,4.0
desperation,6.0
despite,3.0
dessert,2.0
destination,3.0
destiny,5.0
destroy,3.0
destruction,4.0
detached,6.0
detail,3.0
detailed,4.0
details,2.0
detect,5.0
detective,3.0
deteriorate,5.0
determination,4.0
determine,5.0
determined,4.0
determiner,4.0
deterrent,6.0
detrimental,6.0
devastated,5.0
devastating,5.5
devastation,6.0
develop,3.5
developed,4.0
developer,5.5
developing,4.0
development,3.5
device,4.0
devil,5.0
devise,6.0
devoted,4.0
diagnose,6.0
diagnosis,6.0
diagram,3.0
dial,3.0
dialect,6.0
dialogue,5.0
diamond,4.0
diarrhea,6.0
diary,2.0
dice,6.0
dictate,5.0
dictionary,1.0
die,1.0
diesel,5.0
diet,3.0
differ,4.0
difference,3.0
different,2.0
differentiate,5.5
differently,3.0
difficult,2.0
difficulty,3.5
dig,3.0
digest,5.0
digestion,5.0
digital,2.5
dignified,6.0
dignity,6.0
dilemma,4.0
dim,6.0
dime,5.0
dimension,4.0
diminish,5.0
dinner,1.0
dinosaur,2.0
dip,4.0
diploma,2.0
diplomacy,6.0
diplomat,4.0
diplomatic,5.5
diplomatically,6.0
direct,3.5
direction,5.0
directions,2.0
directly,3.5
director,3.0
directory,5.0
dirt,3.0
dirty,2.0
disability,4.0
disabled,3.0
disadvantage,3.0
disadvantaged,5.0
disagree,3.0
disagreement,4.0
disappear,3.0
disappearance,4.0
disappoint,3.0
disappointed,3.0
disappointing,3.0
disappointment,3.0
disapproval,5.0
disapprove,4.0
disaster,4.0
disastrous,5.0
discipline,5.0
disclose,6.0
disco,2.0
discomfort,6.0
discontent,5.0
discount,2.0
discourage,5.0
discover,3.0
discovery,4.5
discreet,6.0
discretion,6.0
discriminate,5.5
discrimination,5.0
discuss,2.0
discussion,3.0
disease,3.0
disgrace,4.0
disguise,4.0
disgust,6.0
disgusted,5.0
disgusting,3.0
dish,2.0
dishonest,4.0
dishonestly,5.0
dishonesty,4.0
dishwasher,3.0
disillusioned,6.0
disk,3.5
dislike,3.5
disloyal,6.0
dismay,6.0
dismiss,5.0
dismissal,5.0
disorder,5.0
disorganized,4.0
displace,5.0
displacement,5.0
display,3.5
disposable,6.0
disposal,4.0
disposition,6.0
dispute,6.0
disqualify,6.0
disrespect,5.0
disrespectful,6.0
disrupt,4.0
disruption,5.0
disruptive,6.0
dissatisfaction,4.0
dissatisfied,4.0
dissertation,5.0
dissolve,5.5
distance,3.5
distant,5.0
distinct,5.0
distinction,5.0
distinctive,5.0
distinguish,4.0
distinguished,4.0
distort,5.0
distract,4.0
distraction,5.0
distress,5.5
distressed,5.0
distressing,4.0
distribute,4.5
distribution,5.0
district,3.0
disturb,5.0
disturbance,5.5
disturbed,6.0
disturbing,6.0
dive,3.5
diver,3.0
diverse,4.0
diversity,5.0
divert,6.0
divide,5.0
divided,4.0
diving,3.0
division,4.0
divorce,3.5
divorced,3.0
dizzy,4.0
dj,3.0
dna,6.0
do,2.0
dock,5.0
doctor,1.0
document,2.5
documentary,3.0
dog,1.0
doll,1.0
dollar,1.0
dolphin,3.0
domain,5.0
domestic,4.0
dominance,6.0
dominant,5.5
dominate,4.5
domination,5.0
donate,4.5
donation,4.0
donkey,3.0
donor,6.0
doom,6.0
door,1.0
doorway,6.0
dose,4.0
dot,3.5
double,3.0
doubt,4.0
doubtful,4.0
down,2.5
downhill,6.0
download,2.5
downside,5.0
downstairs,2.5
downtoearth,5.0
downtown,2.5
downward,5.0
dozen,3.0
dozens,5.0
dr,2.0
draft,5.0
drag,4.0
drain,6.0
drama,3.0
dramatic,4.0
dramatically,4.0
drastic,5.0
drastically,5.0
draw,2.5
drawback,5.0
drawer,2.0
drawing,2.0
dread,6.0
dreadful,4.0
dream,2.5
dress,2.0
dressed,2.5
dresser,2.0
drift,6.0
drink,1.5
drive,3.0
driver,2.0
drop,4.0
drought,6.0
drown,5.0
drug,4.0
drugstore,3.0
drum,2.0
drunk,4.0
dry,3.5
dual,5.0
dubious,6.0
duck,2.0
due,6.0
dull,4.0
dumb,4.5
dump,5.5
duration,5.0
during,2.0
dust,3.0
dusty,3.0
duty,3.5
dutyfree,3.0
dvd,1.0
dynamic,5.0
each,1.0
eager,4.0
eagerly,4.0
eagerness,4.0
eagle,4.0
ear,1.0
earache,3.0
early,2.0
earn,4.0
earnings,4.0
earring,2.0
earth,3.5
earthquake,4.0
ease,4.0
easily,3.5
east,2.0
eastern,3.5
easy,1.0
easygoing,3.0
eat,1.0
eccentric,6.0
echo,6.0
ecological,4.0
ecologically,4.0
ecology,5.0
economic,4.0
economical,4.0
economics,3.0
economist,4.0
economy,4.0
edge,3.5
edible,5.0
edit,4.0
edition,4.0
editor,4.0
educate,4.0
education,3.0
educational,4.0
effect,3.0
effective,4.0
effectively,4.0
effectiveness,5.0
efficiency,4.0
efficient,3.0
efficiently,4.0
effort,3.0
egg,2.5
eggplant,4.0
eight,1.0
eighteen,1.0
eighth,2.0
eighty,2.0
either,3.0
elaborate,6.0
elapse,6.0
elated,6.0
elbow,3.0
elderly,3.0
elect,4.0
election,3.0
electric,3.0
electrical,4.0
electrician,4.0
electricity,2.0
electronic,3.0
electronically,4.0
electronics,4.0
elegance,5.0
elegant,4.0
elegantly,4.0
element,4.0
elementary,3.0
elephant,2.0
elevator,2.0
eleven,1.0
eligible,5.0
eliminate,5.0
elimination,6.0
elite,5.0
else,2.0
elsewhere,4.0
elusive,6.0
email,1.0
embarrass,6.0
embarrassed,3.0
embarrassing,3.0
embarrassment,4.0
embassy,3.0
embody,6.0
embrace,6.0
emerge,4.5
emergency,3.0
eminent,6.0
emission,5.0
emit,6.0
emotion,4.0
emotional,4.0
emotionally,4.0
empathy,6.0
emperor,5.0
emphasis,4.0
emphasize,4.0
empire,5.0
empirical,6.0
employ,4.0
employee,3.0
employer,3.0
employment,3.0
empty,3.5
enable,4.0
enclose,4.5
encounter,4.0
encourage,3.0
encouragement,4.0
encouraging,4.0
end,2.0
endangered,4.0
endeavor,6.0
ending,3.0
endless,4.0
endorse,6.0
endurance,6.0
endure,4.0
enemy,3.5
energetic,4.0
energy,3.0
enforce,5.0
engage,5.0
engaged,3.0
engine,2.0
engineer,2.0
engineering,3.0
engrossed,6.0
enhance,5.0
enjoy,3.5
enjoyable,3.0
enjoyment,4.0
enormous,3.0
enough,2.0
enrich,5.0
enter,3.0
enterprise,5.0
entertain,3.0
entertainer,4.0
entertaining,4.0
entertainment,3.0
enthusiasm,4.0
enthusiastic,4.0
enthusiastically,4.0
entire,4.0
entirely,4.0
entitle,4.0
entity,6.0
entrance,2.5
entry,3.0
envelope,2.0
environment,4.0
environmental,3.0
environmentalist,5.0
environmentally,4.0
envision,5.0
envy,4.0
episode,4.0
equal,4.0
equality,4.0
equally,5.0
equate,6.0
equation,5.0
equip,4.0
equipment,3.0
equivalent,5.0
era,4.0
eradicate,6.0
erase,4.0
eraser,1.0
erode,6.0
erosion,5.5
error,4.0
erupt,6.0
escalator,4.0
escape,4.5
especially,2.0
essay,3.0
essence,6.0
essential,4.5
essentially,4.0
establish,6.0
establishment,5.0
estate,4.0
estimate,4.0
estimated,4.0
ethic,6.0
ethical,6.0
ethics,6.0
ethnic,5.0
euro,2.0
evaluate,5.0
evaluation,5.0
even,2.5
evening,1.0
event,3.0
eventful,6.0
eventual,6.0
eventually,4.0
ever,2.0
every,1.0
everybody,2.0
everyone,2.0
everything,2.0
everywhere,2.0
evidence,5.0
evident,4.0
evidently,4.0
evil,4.0
evolution,4.0
evolve,5.0
exact,3.0
exactly,3.0
exaggerate,5.0
exaggeration,5.0
exam,2.0
examination,3.0
examine,5.0
example,1.0
exceed,5.0
excel,6.0
excellent,2.0
except,2.0
exception,4.0
exceptional,5.0
exceptionally,5.0
excess,5.0
excessive,5.0
exchange,3.0
excited,1.0
excitedly,3.0
excitement,3.0
exciting,1.0
exclaim,6.0
exclude,5.0
exclusive,4.5
exclusively,5.0
excuse,3.0
execute,6.0
executive,5.0
exemplify,6.0
exercise,3.0
exhaust,5.0
exhausted,3.0
exhausting,4.0
exhaustion,4.0
exhaustive,5.0
exhibit,5.0
exhibition,3.0
exile,6.0
exist,4.0
existence,4.0
existing,4.0
exit,2.0
exotic,4.0
expand,4.0
expansion,4.0
expect,3.5
expectation,4.0
expected,4.0
expedition,3.0
expenditure,6.0
expense,4.0
expenses,5.0
expensive,1.0
experience,3.0
experienced,3.0
experiment,4.0
experimental,6.0
expert,3.5
expire,6.0
explain,2.0
explanation,3.0
explicit,6.0
explode,3.0
exploit,4.0
exploration,5.0
explore,3.5
explosion,4.5
explosive,6.0
export,4.0
expose,4.0
exposure,5.0
express,4.0
expression,4.0
expressive,6.0
exquisite,6.0
extend,4.0
extension,4.0
extensive,4.0
extent,4.0
exterior,5.0
external,4.0
extinct,5.0
extinction,5.0
extra,3.0
extract,4.0
extraordinarily,4.0
extraordinary,3.0
extravagant,6.0
extreme,4.0
extremely,3.0
extremist,6.0
extrovert,5.0
eye,1.0
eyebrow,4.0
eyelash,4.0
eyelid,4.0
eyesight,4.0
fabric,5.0
fabulous,5.0
face,3.5
facetoface,3.0
facial,6.0
facilitate,5.0
facilities,4.0
facility,3.5
fact,3.0
factor,4.0
factory,1.0
faculty,4.5
fade,4.0
fail,4.0
failure,4.0
faint,4.0
fair,3.0
fairly,3.5
fairness,5.0
faith,4.0
faithful,6.0
fake,6.0
fall,4.0
false,4.0
fame,4.0
familiar,3.0
family,2.0
famine,6.0
famous,1.0
fan,2.5
fanatic,6.0
fancy,3.0
fantastic,2.0
fantastically,4.0
fantasy,4.0
far,4.0
faraway,6.0
fare,3.0
farm,1.0
farmer,2.0
farming,3.0
fascinate,5.0
fascinated,4.0
fascinating,4.0
fascination,5.0
fashion,2.5
fashionable,3.0
fast,2.0
fasten,3.0
fat,2.5
fatal,4.0
fate,4.0
father,1.0
fatherinlaw,4.0
fatty,5.0
faucet,3.0
fault,4.0
faultless,6.0
faulty,4.0
favor,3.0
favorable,4.0
favorite,2.0
fax,3.0
fear,4.0
fearful,6.0
fearless,6.0
feasible,5.0
feast,5.0
feat,6.0
feather,4.0
feature,4.0
february,1.0
federal,5.0
federation,5.0
fee,3.0
feeble,6.0
feed,5.0
feedback,4.0
feel,3.5
feeling,3.0
feelings,3.0
fellow,4.0
female,3.5
feminine,5.0
fence,4.0
ferry,3.0
fertile,6.0
festival,3.0
fever,4.5
few,3.0
fiction,4.0
fictional,6.0
field,4.0
fierce,4.0
fifteen,1.0
fifth,2.5
fifty,2.0
fight,4.0
fighting,4.0
figure,4.0
file,2.0
fill,3.0
film,3.0
filmmaker,3.0
filter,6.0
filthy,5.0
final,3.0
finally,2.5
finance,4.0
financial,3.0
financially,4.0
find,2.0
fine,3.5
finely,4.0
finger,2.0
fingernail,4.0
finish,2.0
finite,6.0
fire,4.0
firefighter,3.0
fireplace,6.0
firework,3.0
firm,4.0
firmly,4.0
first,2.0
firstfloor,3.0
firstly,4.0
firstsecondthirdrate,5.0
fish,1.0
fisherman,4.0
fishing,2.0
fist,6.0
fit,5.0
fitness,3.0
five,1.0
fix,3.5
fixed,5.0
flag,3.0
flair,5.5
flame,4.0
flash,4.0
flashback,6.0
flashlight,4.0
flat,4.0
flatten,6.0
flavor,4.5
flaw,5.0
flawed,6.0
flawless,6.0
flee,5.0
fleet,5.0
flesh,6.0
flexibility,4.0
flexible,5.0
flight,2.0
float,3.0
flood,3.5
floor,2.0
floppy,6.0
flour,3.0
flourish,6.0
flow,4.0
flower,1.0
flu,3.0
fluctuate,6.0
fluency,4.0
fluent,4.0
fluently,4.0
fluid,6.0
flute,3.0
fly,3.5
focus,6.0
fog,2.0
foggy,2.0
fold,3.0
folder,2.5
folk,3.0
folks,4.0
follow,3.0
follower,6.0
following,4.0
fond,4.0
food,1.0
fool,3.5
foolish,4.0
foolishly,4.0
foot,2.0
football,2.0
footstep,5.0
for,2.0
forbid,4.0
forbidden,3.0
force,4.0
forceful,6.0
forecast,3.0
forehead,3.0
foreign,3.0
foreigner,3.0
foremost,6.0
foresee,5.0
forest,2.0
forever,3.5
forgery,6.0
forget,3.0
forgive,3.0
forgiveness,6.0
fork,2.0
form,4.0
formal,5.0
formally,5.0
format,5.0
formation,6.0
former,3.0
formerly,4.0
formidable,6.0
formula,5.0
formulate,6.0
forthcoming,4.5
fortunate,4.0
fortunately,3.0
fortune,4.0
forty,2.0
forward,4.0
foul,6.0
found,5.0
foundation,5.0
founder,6.0
fountain,3.0
four,1.0
fourteen,1.0
fourth,2.0
fox,4.0
fraction,6.0
fragile,6.0
fragrance,6.0
fragrant,6.0
frail,6.0
frame,3.5
framework,6.0
frankly,4.0
frantic,6.0
fraud,6.0
fraudulent,6.0
free,4.0
freedom,4.0
freely,4.0
freeze,3.5
freezer,3.0
freezing,3.0
frenzy,6.0
frequent,3.0
frequently,3.0
fresh,3.5
friction,5.0
friday,1.0
fridge,3.0
fried,2.0
friend,1.5
friendliness,4.0
friendly,2.0
friendship,3.0
fright,5.0
frighten,4.0
frightened,3.0
frightening,3.0
fringe,6.0
frog,3.0
from,2.5
front,3.0
frontier,6.0
frost,4.0
frown,6.0
frozen,3.0
fruit,1.0
fruitful,5.0
frustrated,5.0
frustrating,5.0
frustration,4.0
fry,3.0
fuel,3.0
fulfill,6.0
fulfilling,6.0
fulfillment,6.0
full,2.0
fulltime,3.0
fully,3.0
fumes,5.0
fun,1.5
function,5.0
functional,4.0
fund,5.0
fundamental,6.0
fundamentally,6.0
funding,5.0
funds,5.0
funeral,4.0
funny,2.0
fur,3.0
furious,4.0
furiously,4.0
furnished,5.0
furniture,2.0
further,3.5
furthermore,4.0
furthest,3.0
fury,6.0
fuss,5.0
fussy,6.0
future,3.0
gadget,5.0
gain,4.0
gallery,3.0
gamble,6.0
gambling,4.0
game,1.5
gang,4.0
gap,4.0
garage,2.5
garbage,3.0
garden,3.0
gardener,4.0
gardening,4.0
garlic,2.0
garment,5.0
gas,3.0
gasoline,4.0
gasp,6.0
gate,2.5
gather,4.0
gathering,5.0
gay,3.0
gaze,6.0
gear,4.0
gender,4.0
gene,5.0
general,4.0
generalization,5.0
generalize,5.0
generally,4.0
generate,4.0
generation,4.0
generosity,4.0
generous,4.0
generously,4.0
genetic,5.0
genetics,4.0
genius,5.5
gentle,3.0
gentleman,4.0
gently,4.0
genuine,4.5
genuinely,4.0
geography,2.0
geology,5.0
germ,5.0
gerund,5.0
gesture,5.0
get,2.5
ghost,3.0
giant,5.0
gift,3.5
gifted,5.0
giggle,6.0
giraffe,3.0
girl,1.0
girlfriend,2.0
give,3.0
giveandtake,6.0
glad,3.0
glamour,5.0
glance,4.0
glare,6.0
glass,1.0
glasses,1.0
glimpse,5.0
global,4.0
globalization,5.0
globally,4.0
glory,5.0
glove,2.0
glow,6.0
glue,6.0
go,3.5
goal,2.0
goalkeeper,3.0
goat,3.0
god,3.0
gold,2.0
golden,2.0
golf,2.0
good,1.5
goodbye,1.0
goodlooking,2.0
goodness,6.0
goods,4.0
google,4.0
gorgeous,3.0
gossip,4.0
govern,4.0
government,3.5
grab,3.5
grace,6.0
graceful,5.5
grade,4.0
gradual,4.0
gradually,4.0
graduate,3.0
graduation,3.0
grain,6.0
gram,2.0
grammar,2.0
grammatical,6.0
grand,5.0
grandchild,2.0
granddad,2.0
granddaughter,2.0
grandfather,2.0
grandma,2.0
grandmother,2.0
grandpa,2.0
grandparent,2.0
grandson,2.0
granny,2.0
grant,4.0
grape,2.0
graph,4.0
graphics,3.0
grasp,6.0
grass,1.0
grateful,3.0
grave,4.0
gray,3.5
great,2.5
greatly,4.0
greatness,4.0
greed,5.0
greedy,4.0
green,2.5
greet,4.5
greeting,3.0
grief,4.0
grill,3.0
grilled,2.0
grim,6.0
grin,6.0
grip,5.0
gripping,5.0
groan,6.0
groceries,3.0
groom,3.0
gross,5.0
ground,4.0
grounds,6.0
group,1.0
grow,2.5
growing,4.0
grownup,4.0
growth,4.0
grumpy,5.0
guarantee,4.0
guard,4.0
guess,2.5
guest,2.0
guidance,4.0
guide,3.0
guidebook,2.0
guideline,5.0
guilt,4.0
guilty,3.5
guitar,1.0
guitarist,3.0
gulf,5.0
gum,4.0
gun,3.0
guts,5.0
guy,2.0
guys,3.0
gym,2.0
gymnastic,4.0
gymnastics,3.0
habit,3.5
habitat,5.0
hail,6.0
hair,2.5
haircut,3.0
hairdresser,3.0
hairstylist,3.0
half,3.0
halfprice,2.0
hall,2.0
ham,2.0
hammer,4.0
hand,2.0
handball,2.0
handheld,5.0
handkerchief,3.0
handle,4.0
handout,4.0
handsome,3.0
handwriting,3.0
handy,6.0
hang,4.0
happen,2.0
happily,4.0
happiness,3.0
happy,1.5
harassment,5.0
harbor,3.0
hard,2.5
hardly,3.5
hardship,5.0
hardware,3.0
hardworking,4.0
harm,4.0
harmful,4.0
harmless,5.0
harmony,5.0
harsh,5.0
harshly,6.0
harvest,4.0
hat,1.0
hate,3.5
hatred,5.0
haul,6.0
haunt,4.0
have,2.0
hazard,5.0
hazardous,6.0
he,1.0
head,3.5
headache,2.0
heading,5.0
headline,3.0
headquarters,4.0
heal,4.0
health,2.0
healthy,2.0
heap,6.0
hear,2.0
heart,3.0
heat,2.5
heater,3.0
heaven,4.0
heavenly,5.0
heavily,3.0
heavy,2.5
hectic,5.0
hedge,4.0
heel,3.5
height,3.0
heir,6.0
helicopter,2.0
hell,4.0
hello,1.0
helmet,4.0
help,2.0
helper,4.0
helpful,3.0
helpless,5.0
hence,5.0
her,1.0
herb,3.0
here,2.0
heritage,6.0
hero,3.0
heroic,5.0
hers,2.0
herself,3.0
hesitate,4.0
hesitation,6.0
hey,2.0
hi,1.0
hidden,3.5
hide,3.0
hierarchical,6.0
hierarchy,6.0
high,3.0
highlight,4.0
highly,4.5
highprofile,6.0
hightech,4.0
highway,2.0
hiking,2.0
hilarious,5.0
hill,2.0
him,1.0
himself,3.0
hinder,6.0
hint,4.0
hip,4.0
hiphop,2.0
hire,4.0
his,1.5
historian,5.0
historic,3.0
historical,3.0
historically,5.0
history,2.0
hit,4.0
hitchhike,3.0
hitech,4.0
hobby,2.0
hockey,2.0
hold,3.5
hole,3.0
holiday,1.0
hollow,6.0
holy,5.0
home,2.5
homeless,5.0
homelessness,6.0
homework,1.0
honest,3.0
honestly,3.5
honesty,4.0
honey,2.0
honeymoon,3.0
honor,4.0
honored,5.0
hood,4.0
hook,4.0
hop,6.0
hope,2.5
hopeful,4.5
hopefully,3.5
hopeless,3.5
hopelessly,6.0
horizon,6.0
horizontal,5.0
horn,5.0
horrible,2.0
horrified,6.0
horrifying,6.0
horror,4.0
horse,1.0
hospitable,5.0
hospital,1.0
hospitality,5.0
host,5.0
hostage,6.0
hostel,3.0
hostile,5.0
hostility,6.0
hot,3.0
hotel,1.0
hour,1.0
hourly,4.0
hours,3.0
house,6.0
household,4.0
housewife,2.0
housework,3.0
housing,5.0
how,2.0
however,4.0
hug,3.0
huge,3.0
hum,6.0
human,3.0
humanitarian,6.0
humanity,6.0
humble,6.0
humid,3.0
humiliated,6.0
humiliating,6.0
humility,6.0
humor,5.0
humorous,5.0
hundred,2.0
hunger,4.0
hungry,1.0
hunt,4.0
hunting,4.0
hurry,2.5
hurt,3.0
husband,1.0
hut,3.0
hygiene,5.0
hygienic,6.0
hyphen,4.0
hypocrisy,6.0
hypocritical,6.0
hypothesis,6.0
hysterical,5.0
i,1.0
ice,2.0
iceberg,5.0
icon,4.0
icy,3.0
id,2.0
idea,3.5
ideal,4.0
idealistic,5.0
ideally,4.0
identical,4.0
identification,3.0
identify,4.0
identity,4.0
idiom,4.0
idiot,4.0
idle,5.5
idol,5.5
if,3.0
ignorance,6.0
ignorant,6.0
ignore,4.0
ill,4.5
illegal,4.0
illegally,4.0
illiterate,6.0
illness,3.5
illusion,6.0
illustrate,5.0
illustration,5.5
image,4.0
imaginary,5.0
imagination,3.0
imaginative,5.0
imagine,3.0
imitate,5.0
imitation,6.0
immature,6.0
immediate,4.0
immediately,3.5
immense,5.0
immensely,5.0
immigrant,4.0
immigration,3.5
imminent,6.0
immoral,4.0
immortal,6.0
immune,6.0
impact,5.0
impatience,6.0
impatient,4.0
impatiently,4.0
imperative,5.0
imperfect,5.0
impersonal,5.0
implement,4.0
implementation,6.0
implication,6.0
implicit,6.0
imply,6.0
impolite,4.0
import,5.0
importance,3.0
important,2.0
importantly,4.0
impose,5.0
impossibility,6.0
impossible,4.5
impress,4.0
impressed,4.0
impression,4.0
impressive,4.0
imprison,5.0
imprisonment,6.0
improve,2.0
improved,4.0
improvement,3.0
impulse,6.0
impulsive,6.0
in,3.0
inability,5.0
inaccuracy,5.0
inaccurate,4.0
inadequate,5.0
inappropriate,5.0
inappropriately,5.0
incentive,6.0
inch,3.0
incident,4.0
incidentally,5.0
inclination,6.0
include,2.0
including,2.0
inclusion,5.0
income,4.0
inconceivable,6.0
inconsiderate,5.0
inconvenience,5.0
inconvenient,4.0
incorporate,6.0
incorrect,3.0
increase,3.5
increasingly,4.0
incredible,3.5
incredibly,4.5
incur,6.0
incurable,6.0
indeed,4.5
indefinitely,6.0
independence,4.0
independent,4.0
independently,4.0
index,5.0
indicate,4.5
indication,5.5
indicator,6.0
indifference,6.0
indifferent,6.0
indirect,5.5
indirectly,5.0
indispensable,6.0
indisputable,6.0
individual,3.5
individuality,6.0
individually,5.0
indoor,2.0
indoors,3.0
indulge,6.0
industrial,4.0
industrialization,5.0
industrialized,5.0
industrious,6.0
industry,3.5
inedible,5.0
inefficient,5.0
inequality,6.0
inevitable,5.0
inevitably,5.0
inexpensive,3.0
inexperienced,4.0
inexplicable,6.0
infancy,6.0
infant,6.0
infect,5.0
infection,4.0
infectious,6.0
infer,6.0
inferior,5.5
inferiority,6.0
infinite,6.0
infinitely,6.0
infinitive,3.0
inflation,4.0
influence,4.0
influential,5.0
influx,6.0
inform,3.0
informal,4.0
informally,5.0
information,2.0
informative,5.0
infrastructure,5.0
ingredient,3.5
inhabit,6.0
inhabitant,4.0
inherent,6.0
inherit,6.0
inheritance,6.0
inhibition,6.0
inhuman,6.0
initial,3.5
initially,4.0
initiate,6.0
initiative,5.0
injection,6.0
injure,3.0
injured,4.0
injury,4.0
injustice,5.0
ink,3.0
innate,6.0
inner,4.0
innocence,5.5
innocent,4.0
innocently,4.0
innovation,5.0
innovative,5.0
innumerable,6.0
input,4.0
inquire,4.0
inquiry,6.0
insane,5.5
insect,2.0
insecure,5.5
insecurity,6.0
insensitive,5.0
inseparable,6.0
insert,5.0
inside,4.0
insight,5.0
insignificant,5.0
insist,3.5
insomnia,6.0
inspect,5.0
inspection,5.5
inspector,4.0
inspiration,5.0
inspire,4.0
install,3.0
installation,5.0
instance,5.0
instant,4.0
instantly,4.0
instead,2.0
instinct,6.0
institute,4.0
institution,4.0
instruct,5.5
instruction,6.0
instructions,2.0
instructor,3.0
instrument,5.0
insufficient,5.0
insult,4.0
insurance,4.0
insure,4.0
intact,6.0
integral,5.0
integrate,5.0
integration,5.0
integrity,6.0
intellect,6.0
intellectual,6.0
intellectually,6.0
intelligence,4.0
intelligent,3.0
intend,3.0
intense,5.5
intensely,6.0
intensify,6.0
intensity,6.0
intensive,4.0
intensively,5.0
intent,6.0
intention,4.0
interact,4.0
interaction,5.0
interactive,4.5
interest,3.0
interested,2.0
interesting,1.0
interestingly,5.0
interfere,4.5
interference,5.5
interim,6.0
interior,4.0
intermediate,3.0
intermission,3.0
internal,4.0
internally,5.0
international,2.0
internationally,3.0
interpret,4.5
interpretation,6.0
interrupt,3.5
interruption,4.0
interval,6.0
intervene,6.0
intervention,6.0
interview,3.0
intimate,6.0
into,2.5
intolerable,6.0
intolerance,6.0
intolerant,6.0
intransitive,4.0
intriguing,6.0
intrinsic,6.0
introduce,4.0
introduction,4.0
introvert,6.0
intrude,6.0
intruder,6.0
intrusion,6.0
intuition,6.0
invade,5.0
invaluable,5.0
invariably,6.0
invasion,5.0
invent,3.5
invention,3.0
inventor,4.0
invest,4.0
investigate,4.0
investigation,4.0
investigator,4.0
investment,4.0
investor,4.0
invisible,4.0
invitation,4.0
invite,5.0
involve,3.0
involvement,4.0
iron,3.0
ironic,6.0
ironically,6.0
ironing,3.0
irony,6.0
irrational,6.0
irregular,4.0
irresistible,6.0
irresponsible,4.0
irreversible,6.0
irritable,6.0
irritate,5.0
irritated,4.0
irritating,4.0
irritation,6.0
island,2.0
isolated,5.0
isolation,5.5
issue,4.0
it,2.0
itch,4.0
item,3.5
itinerary,5.0
its,1.0
itself,2.5
jacket,1.0
jail,3.0
jam,5.0
janitor,6.0
january,1.0
jar,3.0
jargon,5.0
jaw,4.0
jazz,2.0
jealous,3.5
jealously,4.0
jealousy,5.0
jeans,1.0
jelly,2.0
jet,3.0
jewel,4.0
jewelry,2.0
job,2.0
jog,3.0
jogging,3.0
join,2.5
joint,5.0
jointly,5.0
joke,3.0
journal,5.5
journalism,4.0
journalist,3.0
journey,4.0
joy,4.0
judge,4.0
judgment,5.0
jug,6.0
juggle,6.0
juice,1.0
juicy,4.5
july,1.0
jump,2.5
june,1.0
jungle,3.0
junior,4.0
junk,5.0
jury,4.5
just,3.0
justice,4.0
justifiable,6.0
justification,6.0
justified,5.0
justify,4.0
juvenile,5.0
kangaroo,3.0
keen,5.0
keep,3.0
keeper,3.0
kettle,3.0
key,3.0
keyboard,2.0
kick,2.0
kid,2.5
kidney,6.0
kill,5.0
killer,3.0
killing,3.0
kilo,2.0
kilogram,2.0
kilometer,2.0
kind,1.5
kindly,3.0
kindness,4.0
king,3.5
kingdom,4.0
kiss,2.0
kit,3.0
kitchen,1.0
kite,2.0
kitten,3.0
knee,3.0
kneel,4.0
knife,1.0
knit,3.0
knob,5.0
knock,3.0
knot,6.0
know,2.0
knowingly,6.0
knowledge,3.0
knowledgeable,5.0
known,4.0
knuckle,6.0
lab,3.0
label,5.0
labor,5.0
laboratory,3.0
lack,4.0
ladder,4.0
lady,3.0
laidback,6.0
lake,2.0
lamb,3.0
lamp,2.0
land,4.0
landing,4.0
landlady,4.0
landlord,4.0
landmark,5.0
landscape,3.0
lane,4.0
language,4.0
laptop,2.0
large,2.0
largely,4.0
laser,4.0
last,3.0
lastly,4.0
lastminute,4.0
late,2.0
lately,3.0
later,5.0
latest,2.0
latter,4.0
laugh,2.5
laughter,4.0
launch,5.0
laundry,4.0
lavish,6.0
law,4.0
lawn,5.0
lawsuit,6.0
lawyer,3.0
layer,4.0
layout,5.0
laziness,4.0
lazy,3.0
lead,4.0
leader,4.0
leadership,5.0
leading,4.0
leaf,3.0
leaflet,4.0
league,3.0
leak,5.0
lean,6.0
leap,6.0
learn,3.0
learner,4.0
learning,4.0
least,4.0
leather,2.0
leave,3.0
lecture,4.5
leek,4.0
left,2.0
lefthand,2.0
leftwing,5.0
leg,1.0
legacy,6.0
legal,4.0
legally,4.0
legend,4.5
legendary,5.0
legislation,6.0
legitimate,6.0
leisure,3.0
lemon,2.0
lemonade,2.0
lend,3.0
length,4.0
lengthen,5.0
lengthy,5.0
lenient,6.0
leopard,4.0
less,2.0
lessen,5.0
lesson,2.5
let,3.0
lethal,6.0
lets,2.0
letter,1.5
lettuce,3.0
level,4.0
liability,5.0
liable,5.0
liar,4.0
liberal,5.0
liberation,5.0
liberty,4.0
library,2.0
license,2.0
lick,4.0
lid,4.0
lie,3.0
life,3.5
lifelong,6.0
lifestyle,4.0
lifetime,4.0
lift,2.5
light,3.0
lighter,3.0
lighting,4.0
lightly,4.0
lightning,3.0
like,3.0
likelihood,6.0
likely,4.0
likewise,6.0
limit,3.5
limitation,5.0
limitations,5.0
limited,3.5
line,5.5
linen,6.0
linens,5.0
linger,6.0
linguistic,5.0
link,4.0
lion,2.0
lip,3.0
liquid,3.0
list,3.0
listen,2.0
listener,5.0
liter,2.0
literacy,5.0
literal,6.0
literally,4.0
literary,4.0
literate,6.0
literature,3.0
litter,4.0
little,3.0
live,3.0
lively,3.0
liver,4.0
living,4.0
load,4.0
loaf,4.0
loan,3.0
loathe,6.0
loathing,6.0
lobby,5.0
local,4.5
locate,4.0
location,3.0
lock,3.0
loft,6.0
log,5.0
logic,5.0
logical,4.0
logically,6.0
logo,3.0
loneliness,5.0
lonely,3.5
long,2.0
longdistance,4.0
longevity,6.0
longing,6.0
longlasting,6.0
longrunning,6.0
longterm,4.0
longtime,5.0
look,3.0
loom,6.0
loose,4.0
loosen,6.0
lose,3.0
loss,4.5
lost,3.0
lottery,3.0
loud,2.5
loudly,3.0
lounge,5.0
love,3.0
lovely,4.0
lover,3.0
low,4.0
lower,4.0
loyal,4.0
loyalty,4.0
luck,3.0
luckily,3.0
lucky,2.5
lucrative,6.0
luggage,2.0
lumber,6.0
lump,6.0
lunch,1.0
lunchtime,2.0
lung,4.0
lure,6.0
luxurious,5.0
luxury,4.0
lyrics,4.0
maam,3.0
machine,2.0
machinery,5.0
mad,2.5
madam,3.0
magazine,2.0
magic,2.0
magical,4.0
magnetic,5.0
magnificent,3.0
magnificently,5.0
mail,2.0
main,3.0
mainly,3.0
mainstream,6.0
maintain,4.0
maintenance,4.0
major,4.0
majority,4.0
make,3.0
maker,4.0
makeup,2.0
male,3.5
malicious,6.0
mall,3.0
mammal,5.0
man,2.5
manage,3.0
management,4.0
manager,2.0
mango,2.0
mankind,4.0
manner,4.0
manners,4.0
mansion,5.0
manual,4.0
manufacture,4.0
manufacturer,4.0
manufacturing,4.0
many,1.0
map,2.0
marathon,4.0
march,5.0
margin,6.0
marginal,6.0
mark,4.0
market,5.0
marketing,4.0
marriage,3.0
married,2.0
marry,3.0
marvelous,3.0
masculine,5.0
mask,4.0
mass,5.0
massacre,6.0
massive,4.0
master,5.0
masterpiece,6.0
mat,5.0
match,3.5
material,3.5
materialism,6.0
materialist,6.0
materialistic,6.0
math,2.0
mathematical,4.0
matter,4.0
mature,4.0
maximize,6.0
maximum,3.0
may,2.5
maybe,2.0
mayor,4.0
me,1.0
meal,1.0
mean,3.0
meaning,3.5
meaningful,4.0
means,5.0
meanwhile,3.0
measure,5.0
measurement,5.0
meat,1.0
mechanic,2.0
mechanical,5.0
mechanism,5.0
medal,4.0
medical,4.0
medically,6.0
medication,6.0
medicine,2.5
medieval,4.0
mediocre,6.0
mediocrity,6.0
medium,4.5
meet,3.0
meeting,2.0
melody,6.0
melon,2.0
melt,4.0
member,2.0
membership,4.0
memo,5.0
memorable,4.0
memorial,6.0
memory,3.0
mental,4.0
mentality,5.0
mentally,4.0
mention,3.5
menu,2.0
merciful,6.0
merciless,6.0
mercy,6.0
mere,4.0
merely,5.0
merge,6.0
merger,6.0
merit,5.5
mess,3.5
message,2.5
messy,3.0
metal,3.0
metaphor,6.0
meter,2.0
method,3.0
meticulous,6.0
microphone,4.0
middle,4.5
middleaged,3.0
middleclass,5.0
midnight,2.0
might,2.5
mighty,6.0
migration,5.0
mild,4.0
mile,3.0
miles,5.0
military,4.0
milk,1.0
millennium,6.0
millimeter,3.0
million,3.0
mind,3.0
mine,3.0
miner,5.0
mingle,5.5
miniature,6.0
minimal,5.0
minimize,5.0
minimum,3.0
mining,5.0
minister,4.0
ministry,5.0
minor,4.0
minority,4.5
mint,4.0
minus,2.0
minute,4.0
miracle,4.0
mirror,2.0
misbehave,5.0
miserable,3.5
misery,4.0
misfortune,5.0
mishap,6.0
misinform,5.0
misinterpret,6.0
misinterpretation,6.0
mislead,5.0
misleading,4.0
misplace,6.0
miss,2.5
missile,6.0
missing,2.5
mission,5.0
mist,4.0
mistake,2.0
mistaken,5.0
misty,4.0
misunderstand,4.0
misunderstanding,4.0
misuse,5.0
mix,3.0
mixture,4.0
moan,6.0
mode,5.0
model,2.5
moderate,5.5
moderately,6.0
modern,2.5
modest,4.5
modestly,5.5
modification,5.0
modify,5.0
mom,1.0
moment,2.5
momentum,6.0
monday,1.0
monetary,6.0
money,1.0
monitor,4.0
monkey,2.0
monopoly,6.0
monotonous,5.0
monster,4.5
month,1.0
monthly,3.0
monument,3.5
mood,3.0
moonlight,4.0
moral,5.0
morale,6.0
morally,4.0
morals,6.0
more,1.0
moreover,4.0
morning,1.0
mortality,6.0
mosque,2.0
mosquito,3.0
most,2.0
mostly,3.0
mother,1.0
motherinlaw,4.0
motion,6.0
motivate,5.0
motivated,4.0
motivation,4.5
motive,4.0
motor,4.0
motorcycle,2.0
motorist,4.0
mount,6.0
mountain,4.0
mouse,2.0
mouth,1.0
move,4.0
movement,4.5
movie,1.0
moving,4.0
mr,1.0
mrs,1.0
ms,2.0
much,3.0
mud,4.0
muddle,6.0
muddled,6.0
muddy,4.0
mug,2.0
multiple,5.0
mumble,4.0
mundane,5.0
municipal,5.0
murder,3.0
murderer,3.0
murmur,6.0
muscle,4.0
museum,1.0
mushroom,2.0
music,1.0
musical,4.0
musically,6.0
musician,3.0
must,3.0
mustache,3.0
mustard,5.0
mutter,4.0
mutual,5.0
my,1.0
myself,3.0
mysterious,4.0
mysteriously,5.0
mystery,3.0
myth,4.5
nail,4.0
naive,5.0
naked,4.5
name,3.0
namely,5.0
nap,5.0
napkin,4.0
narrative,6.0
narrator,6.0
narrow,5.5
narrowly,4.0
narrowminded,5.0
nasty,3.0
nation,4.0
national,2.0
nationality,1.0
nationwide,4.0
native,4.0
natural,4.0
naturally,4.5
nature,4.0
naval,6.0
navy,4.0
near,4.0
nearby,3.0
nearly,2.0
nearsighted,4.0
neat,3.5
neatly,5.0
necessarily,4.0
necessary,3.0
necessity,5.0
neck,4.0
necklace,2.0
necktie,6.0
need,3.0
needle,5.0
needless,6.0
needs,4.0
negative,3.5
negatively,4.0
neglect,5.0
negligence,6.0
negligent,6.0
negligible,6.0
negotiate,5.0
negotiation,5.0
neighbor,3.0
neighborhood,3.0
neighboring,4.0
neither,4.0
nephew,3.0
nerve,6.0
nerves,4.5
nervous,3.0
nervously,4.0
nervousness,5.0
nest,6.0
net,3.0
network,4.0
networking,5.0
neutral,5.0
never,2.5
neverending,5.0
nevertheless,4.0
new,1.0
newly,4.0
news,2.0
newsletter,5.0
newspaper,1.5
next,2.0
nextdoor,3.0
nice,1.0
nicely,4.0
nickname,4.0
niece,3.0
night,1.0
nightclub,3.0
nightlife,3.0
nightmare,3.0
nine,1.0
nineteen,1.0
ninety,2.0
ninth,2.0
no,1.5
noble,5.0
nobody,2.0
nod,4.0
noise,1.0
noisy,2.0
nominate,5.0
nomination,5.0
none,3.0
nonetheless,5.0
nonexistent,5.0
nonsense,4.0
nonsmoking,4.0
noon,2.0
norm,5.0
normal,2.0
normality,6.0
normally,3.5
north,2.0
northeast,3.0
northern,3.0
northwest,3.0
nose,1.0
nostalgia,6.0
nostalgic,6.0
nostril,6.0
nosy,6.0
not,1.5
notable,5.0
notably,5.0
note,4.5
notebook,2.0
notes,2.0
nothing,2.5
notice,3.0
noticeable,5.0
noticeably,5.0
notify,5.0
notion,5.0
notorious,5.0
notwithstanding,5.0
noun,2.0
novel,3.0
novelist,4.0
novelty,6.0
november,1.0
now,3.0
nowadays,3.0
nowhere,3.0
nuclear,4.0
nuisance,4.0
number,2.0
numerous,5.0
nurse,4.0
nursery,4.0
nut,4.0
nutrition,5.0
nutritional,5.0
nutritious,5.0
oak,4.0
obese,5.0
obesity,5.0
obey,4.0
object,3.0
objection,4.0
objective,4.0
objectively,5.0
obligation,4.0
obligatory,5.5
oblige,5.0
obscene,6.0
observant,6.0
observation,4.5
observe,5.0
observer,6.0
obsession,4.0
obsessive,6.0
obsolete,5.0
obstacle,5.0
obtain,4.0
obvious,3.0
obviously,3.0
occasion,3.5
occasional,5.0
occasionally,4.0
occupation,5.0
occupy,4.0
occur,4.0
occurrence,5.0
ocean,2.0
october,1.0
odd,4.0
oddly,6.0
odds,5.0
odor,6.0
of,2.0
off,3.0
offend,4.0
offender,4.0
offense,4.0
offensive,4.0
offer,3.0
office,2.0
officer,3.0
official,6.0
officially,5.0
offputting,6.0
offset,6.0
offspring,6.0
often,2.5
oh,1.0
oil,2.5
ok,2.0
old,1.0
oldfashioned,3.0
olive,3.0
omelet,2.0
omission,6.0
omit,5.0
on,3.0
once,3.0
one,4.0
oneself,5.0
ongoing,6.0
onion,2.0
online,2.0
only,3.0
onto,3.5
open,3.0
opening,4.5
openly,5.0
openminded,5.0
openness,6.0
opera,2.0
operate,4.0
operation,5.0
operator,4.0
opinion,3.5
opponent,4.0
opportunity,3.5
oppose,4.0
opposite,3.0
opposition,5.0
opt,5.0
optimism,6.0
optimist,5.0
optimistic,4.0
option,3.0
optional,4.0
or,3.0
oral,4.0
orange,1.0
orchestra,3.0
orchestral,4.0
ordeal,6.0
order,4.0
ordinary,3.0
organ,5.5
organic,4.0
organization,3.0
organize,3.5
organized,4.0
organizer,4.0
orientation,6.0
origin,4.5
original,3.5
originally,4.0
ornament,6.0
orphan,6.0
orthodox,6.0
other,2.0
others,3.5
otherwise,4.0
ounce,5.0
our,1.0
ours,2.0
ourselves,2.0
out,3.0
outbreak,6.0
outcome,5.0
outdoor,3.0
outdoors,3.0
outer,4.0
outgoing,5.5
outlet,5.5
outline,4.0
outlook,5.5
outnumber,5.0
outofdate,3.0
output,6.0
outrage,6.0
outrageous,4.0
outside,2.0
outskirts,4.0
outstanding,4.0
outweigh,5.0
oval,4.0
oven,3.0
over,3.0
overall,4.0
overboard,6.0
overcome,4.0
overcrowded,5.0
overdo,5.0
overdrawn,5.0
overestimate,5.0
overflow,6.0
overhear,6.0
overlap,6.0
overload,6.0
overlook,5.0
overnight,4.5
overseas,4.0
overtake,4.5
overtime,4.0
overview,5.0
overweight,4.0
overwhelm,5.0
overwhelming,5.0
overworked,5.0
owe,3.0
owl,4.0
own,2.5
owner,3.0
ownership,5.0
oxygen,4.0
ozone,5.0
pace,4.0
pack,4.0
package,4.0
packed,4.0
pact,6.0
page,1.5
pain,3.0
painful,3.5
paint,1.0
painter,2.0
painting,2.0
pair,2.0
pajamas,2.0
palace,3.0
pale,4.0
palm,5.5
pan,3.5
pancake,4.0
panel,5.5
panic,4.0
panties,4.0
pants,1.0
pantyhose,3.0
paper,3.0
paperwork,4.0
parachute,4.0
parade,4.0
paradigm,6.0
paradise,5.0
paradox,6.0
paradoxical,6.0
paragraph,3.0
parallel,6.0
paramount,6.0
parent,1.0
parenthesis,4.0
park,1.5
parking,3.0
parliament,4.0
parrot,3.0
part,4.0
partial,4.0
partially,5.0
participant,5.0
participate,4.0
particle,6.0
particular,4.5
particularly,3.0
partly,3.0
partner,3.0
partnership,4.0
parttime,3.0
party,2.0
pass,3.0
passage,4.0
passenger,2.0
passion,4.0
passionate,4.0
passionately,4.0
passive,3.5
passport,2.0
password,3.0
past,3.0
pasta,2.0
pastime,6.0
pastry,5.0
pat,6.0
patch,6.0
path,4.0
pathetic,6.0
patience,4.0
patient,3.0
patiently,4.0
pattern,4.0
pause,4.0
pavement,4.0
paw,4.0
pay,3.0
payable,5.0
payment,4.0
pc,2.0
pea,3.0
peace,3.5
peaceful,3.5
peacefully,4.0
peach,3.0
peak,3.5
peanut,3.0
pear,2.0
peasant,5.0
peculiar,4.0
pedal,4.0
pedestrian,3.0
peek,5.0
peel,5.0
peer,5.0
pen,1.0
penalty,4.0
pencil,1.0
penguin,3.0
penny,3.0
pension,4.0
people,1.0
pepper,2.5
per,2.0
perceive,5.5
percent,3.0
percentage,4.0
perception,6.0
perceptive,6.0
perfect,4.5
perfection,5.0
perfectly,3.5
perform,3.5
performance,3.5
performer,3.0
perfume,2.0
perhaps,2.0
period,3.0
perk,5.0
permanent,3.0
permanently,4.0
permission,3.0
permit,5.0
perseverance,6.0
persist,6.0
persistence,6.0
persistent,6.0
person,1.0
personal,3.0
personality,4.0
personally,3.5
personnel,5.0
perspective,5.0
persuade,3.5
persuasion,6.0
persuasive,5.0
pessimistic,4.0
pet,1.0
petrified,4.0
petty,6.0
pharmacist,4.0
pharmacy,3.0
phase,4.0
phenomenal,6.0
phenomenon,5.0
philosopher,4.0
philosophical,6.0
philosophy,4.5
phone,1.0
photo,1.0
photocopy,3.0
photograph,3.0
photographer,2.0
photography,2.0
phrase,3.0
physical,5.0
physically,4.0
physics,2.0
piano,2.0
pick,3.0
picnic,1.0
picture,4.0
picturesque,4.0
pie,3.0
piece,2.5
pig,1.0
pile,3.0
pill,3.0
pillow,2.5
pilot,2.0
pin,3.0
pine,4.0
pineapple,3.0
pink,2.0
pinpoint,6.0
pint,4.0
pioneer,6.0
pipe,3.0
pirate,3.0
pit,6.0
pitch,6.0
pitchblack,6.0
pitchdark,6.0
pitiful,6.0
pity,5.0
pizza,1.0
place,3.0
plague,6.0
plain,4.5
plan,3.0
plane,1.0
planet,3.0
planning,4.5
plant,3.0
plastic,2.0
plate,1.0
platform,4.0
plausible,6.0
play,2.0
player,2.0
playground,2.0
plea,6.0
plead,6.0
pleasant,2.0
pleasantly,3.0
please,2.0
pleased,2.0
pleasurable,5.0
pleasure,3.0
plenty,3.0
plight,6.0
plot,6.0
plug,3.0
plumber,4.0
plump,6.0
plunge,5.0
plural,2.0
plus,3.0
pm,1.0
pocket,3.0
poem,3.0
poet,3.0
poetic,6.0
poetry,3.0
point,4.0
pointless,5.0
poison,4.0
poisonous,4.0
pole,6.0
police,2.0
policeman,2.0
policewoman,2.0
policy,4.5
polite,2.0
politely,3.0
politeness,4.0
political,3.0
politically,5.0
politician,3.0
politics,3.0
pollute,4.0
pollution,3.0
pond,4.0
ponder,6.0
pony,5.0
pool,3.0
poor,3.0
poorly,5.0
pop,4.0
popcorn,3.0
popular,4.0
popularity,4.0
population,3.5
pork,3.0
port,3.0
portable,5.0
portion,4.5
portrait,4.0
portray,6.0
portrayal,6.0
pose,5.0
position,3.0
positive,4.0
positively,4.0
possess,5.0
possession,5.0
possessive,4.5
possibility,3.5
possible,2.0
possibly,3.0
post,3.0
postal,5.0
postcard,2.0
poster,2.0
postpone,3.0
posture,5.0
pot,3.0
potato,1.0
potential,4.0
potentially,4.0
pottery,4.0
pound,4.0
pour,3.0
poverty,4.0
powder,3.0
power,5.0
powerful,3.0
powerfully,4.0
practical,5.0
practically,4.0
practice,2.0
practitioner,6.0
pragmatic,6.0
praise,4.5
pray,3.0
prayer,3.0
precaution,5.0
precede,6.0
precedent,6.0
precious,4.0
precise,4.0
precisely,4.0
predator,5.0
predecessor,6.0
predict,3.0
predictable,4.0
prediction,4.0
predominant,6.0
predominantly,6.0
prefer,2.0
preferable,4.0
preferably,4.0
preference,4.0
prefix,4.0
pregnancy,5.0
pregnant,3.0
prejudice,4.0
prejudiced,5.0
preliminary,5.0
premises,5.0
premium,6.0
preparation,3.0
preparations,4.0
prepare,2.0
prepared,3.5
preposition,3.0
prescribe,6.0
prescription,3.0
presence,6.0
present,4.0
presentation,4.0
presently,5.0
preservation,5.0
preserve,4.0
presidency,4.0
president,2.0
presidential,4.0
press,4.5
pressure,4.5
prestige,5.0
prestigious,5.0
presumably,4.0
presume,5.0
presumption,6.0
pretend,4.0
pretty,3.0
prevail,6.0
prevent,3.0
prevention,4.0
preventive,6.0
previous,3.0
previously,3.0
prey,6.0
price,3.5
priceless,4.5
pride,4.0
priest,3.0
primarily,4.0
primary,4.0
prime,6.0
primitive,5.0
prince,3.0
princess,3.0
principal,2.5
principle,5.5
print,4.0
printer,2.0
prior,5.0
priority,4.0
prison,3.0
prisoner,3.0
privacy,4.0
private,3.0
privately,4.0
privatize,5.0
privilege,5.0
privileged,5.5
prize,2.0
probability,5.0
probable,4.0
probably,2.0
problem,1.0
problematic,5.0
procedure,4.0
proceed,5.0
proceedings,6.0
process,4.0
procession,6.0
produce,4.5
producer,4.0
product,3.0
production,4.0
productive,4.0
productivity,5.0
profession,3.5
professional,3.5
professor,3.0
profile,4.5
profit,4.0
profitable,4.5
profound,6.0
profoundly,6.0
program,2.0
programmer,5.0
programming,4.0
progress,4.0
progression,5.0
progressive,4.5
prohibit,4.0
project,3.0
projection,5.0
prolong,5.0
prolonged,5.0
prominent,5.5
promise,3.0
promising,5.0
promote,4.0
promotion,4.0
prompt,4.0
promptly,4.0
pronoun,3.0
pronounce,3.0
pronunciation,3.0
proof,4.0
propaganda,6.0
proper,3.0
properly,3.0
property,3.5
proportion,5.0
proposal,4.0
propose,4.0
proposed,4.0
proposition,5.0
prosecute,6.0
prosecution,6.0
prosecutor,6.0
prospect,5.0
prosper,6.0
prosperity,5.0
prosperous,5.0
prostitute,5.0
protagonist,6.0
protect,3.0
protection,4.0
protective,4.5
protein,5.0
protest,4.0
proud,3.0
proudly,4.0
prove,3.5
proverb,6.0
provide,3.0
provider,5.0
province,6.0
provincial,6.0
provision,5.0
provocation,6.0
provoke,6.0
proximity,6.0
psychiatrist,6.0
psychological,4.0
psychologically,4.0
psychologist,4.0
psychology,4.0
pub,5.0
public,3.5
publication,4.0
publicity,4.0
publicly,5.0
publish,3.0
publisher,4.0
pudding,4.0
pull,2.0
pullover,3.0
pulse,5.0
pump,3.0
punch,4.0
punctuation,3.0
punish,3.0
punishment,4.0
pupil,3.0
puppy,3.0
purchase,4.0
pure,3.0
purely,5.0
purity,5.0
purple,2.0
purpose,4.5
purse,2.0
pursue,5.0
pursuit,6.0
push,3.0
pushy,6.0
put,4.0
puzzle,5.0
puzzled,4.0
pyramid,5.0
quaint,6.0
qualification,4.0
qualified,4.0
qualify,4.0
quality,3.0
quantity,3.5
quarrel,4.0
quarter,3.0
queen,2.0
quest,6.0
question,4.0
questionable,6.0
questionnaire,3.0
quick,1.5
quickly,2.0
quiet,2.5
quietly,3.0
quit,3.0
quite,3.0
quiz,2.5
quotation,6.0
quote,6.0
rabbit,2.0
race,5.0
racial,4.0
racially,5.0
racism,4.0
racist,6.0
racket,4.0
radiation,5.0
radical,6.0
radically,5.0
radio,2.0
rage,6.0
raid,6.0
rail,4.5
railroad,2.0
rain,1.0
rainbow,4.0
raincoat,2.0
rainy,3.0
raise,4.0
rally,6.0
random,5.0
randomly,5.0
range,3.0
rank,5.0
rap,2.0
rape,4.0
rapid,4.0
rapidly,4.0
rare,4.0
rarely,3.0
rarity,5.0
rash,6.0
rat,2.0
rate,4.5
rather,3.5
rating,5.0
ratio,5.0
rational,5.0
raw,3.5
ray,4.0
razor,4.0
reach,4.0
react,4.0
reaction,4.0
read,1.5
reader,3.0
readership,5.0
readily,4.0
readiness,5.5
reading,1.0
readjust,5.5
ready,1.5
real,3.0
realistic,3.5
realistically,5.5
reality,4.0
realization,5.5
realize,3.0
really,2.0
realm,6.0
rear,4.5
rearrange,4.0
reason,3.0
reasonable,3.0
reasonably,4.0
reasoning,6.0
reassurance,6.0
reassure,5.0
reassuring,5.0
rebel,4.0
rebellion,5.0
rebellious,5.0
rebuild,3.5
recall,4.0
receipt,3.0
receive,3.5
recent,3.0
recently,3.0
reception,4.0
receptionist,2.0
receptive,6.0
recession,4.0
recharge,5.0
recipe,3.0
reckless,6.0
recognition,6.0
recognize,3.5
recollect,6.0
recollection,6.0
recommend,3.5
recommendation,4.0
reconcile,6.0
reconsider,5.0
reconstruct,5.5
reconstruction,5.5
record,3.0
recording,3.5
recover,3.5
recovery,5.0
recreate,5.0
recreation,4.0
recreational,6.0
recruit,5.5
recruitment,5.0
rectangle,5.0
rectangular,4.0
rectify,5.0
recur,6.0
recycle,3.0
recycled,3.0
recycling,3.5
red,2.0
redevelop,5.0
redevelopment,5.0
redistribute,6.0
reduce,3.0
reduction,4.0
referee,4.0
reference,4.0
referendum,6.0
refine,6.0
refined,6.0
reflect,4.0
reflection,5.0
reform,6.0
refrain,6.0
refresh,5.0
refreshing,5.0
refreshments,3.0
refrigerator,1.0
refuge,6.0
refugee,4.0
refund,3.0
refusal,5.0
refuse,3.0
regain,4.0
regard,4.0
regarding,3.0
regardless,6.0
regards,3.0
regime,6.0
region,3.0
regional,4.0
register,3.0
registration,3.0
regret,4.0
regular,3.0
regularly,3.0
regulate,5.0
regulation,4.5
rehearsal,4.0
rehearse,5.0
reign,6.0
reinforce,5.5
reject,4.0
rejection,6.0
relate,6.0
related,4.0
relation,3.5
relations,4.0
relationship,3.0
relative,4.0
relax,4.0
relaxation,3.0
relaxed,3.5
relaxing,3.0
release,4.0
relentless,6.0
relentlessly,6.0
relevance,5.0
relevant,4.0
reliability,5.0
reliable,3.0
relief,6.0
relieve,6.0
relieved,4.0
religion,3.0
religious,4.0
relish,6.0
relocate,5.0
reluctant,5.0
reluctantly,5.0
remain,4.0
remaining,4.0
remains,4.0
remark,4.0
remarkable,4.0
remarkably,5.0
remedy,4.0
remember,1.0
remind,3.0
reminder,5.0
remorse,6.0
remote,4.0
remove,3.5
render,5.5
renew,4.0
renewable,5.5
renewal,5.5
renovate,5.0
renovation,5.0
renowned,6.0
rent,2.0
reorganize,5.0
repair,3.0
repay,4.0
repeat,2.5
repeated,6.0
repeatedly,5.0
repetition,6.0
repetitive,5.0
replace,3.5
replacement,4.5
reply,3.0
report,3.0
reportedly,6.0
reporter,3.0
represent,4.0
representation,6.0
representative,4.0
reproach,6.0
reproduce,5.0
reproduction,5.5
reptile,5.0
republic,5.0
reputable,5.0
reputation,4.0
request,3.0
require,3.0
requirement,4.0
reschedule,4.0
rescue,3.0
research,3.5
researcher,4.0
resemblance,6.0
resemble,5.0
resent,6.0
resentment,6.0
reservation,4.5
reserve,3.0
reserved,4.0
residence,6.0
resident,4.0
residential,4.0
resign,4.0
resignation,6.0
resilience,6.0
resilient,6.0
resist,4.5
resistance,6.0
resolution,6.0
resolve,5.5
resort,3.0
resource,4.0
resourceful,6.0
respect,3.0
respectable,5.0
respected,4.0
respectful,5.0
respectfully,6.0
respective,5.0
respectively,5.0
respond,4.0
response,4.0
responsibility,4.0
responsible,4.0
rest,2.5
restart,5.0
restaurant,1.0
restless,5.5
restore,4.5
restrain,5.0
restraint,6.0
restrict,5.0
restricted,5.0
restriction,5.5
restrictive,6.0
restroom,2.0
restructure,6.0
result,3.0
resume,5.0
retail,5.0
retailer,6.0
retain,6.0
retention,6.0
rethink,5.0
retire,3.0
retired,4.0
retirement,4.0
retreat,6.0
retrieve,6.0
return,3.0
reunion,6.0
reveal,5.0
revelation,6.0
revenge,4.0
revenue,5.0
reversal,6.0
reverse,5.5
reversible,6.0
review,3.5
revise,4.0
revival,6.0
revive,6.0
revolt,6.0
revolution,4.0
revolutionary,4.0
reward,3.0
rewarding,5.0
rewrite,4.0
rhyme,6.0
rhythm,4.0
rib,4.0
ribbon,6.0
rice,1.0
rich,4.0
riches,6.0
richness,5.0
ride,3.0
rider,3.0
ridiculous,4.0
right,3.0
righthand,2.0
rightly,4.0
rightwing,6.0
rigid,6.0
ring,3.5
riot,5.5
rip,4.0
ripe,4.0
ripoff,5.0
rise,3.5
risk,4.0
risky,4.0
ritual,6.0
rival,5.5
rivalry,6.0
river,1.0
road,1.0
roar,6.0
roast,2.0
rob,3.0
robbery,4.0
robot,3.0
rock,3.0
rocket,5.0
rocky,5.5
role,3.5
roll,4.0
romance,3.0
romantic,3.0
roof,2.0
room,2.0
roommate,2.0
root,4.0
roots,4.0
rope,4.0
rose,3.0
rosy,6.0
rot,6.0
rotten,4.0
rough,4.0
roughly,6.0
round,6.0
route,3.0
routine,4.5
row,3.0
royal,4.0
rub,4.0
rubber,4.0
rude,3.0
rudely,5.0
rudeness,5.0
rug,3.0
rugby,2.0
ruin,4.0
rule,4.0
ruler,3.5
ruling,6.0
rumor,4.0
run,4.0
runner,2.0
running,4.0
runway,5.0
rural,4.0
rush,5.0
rusty,4.0
ruthless,6.0
résumé,3.0
sack,5.0
sacred,5.5
sacrifice,5.0
sad,1.0
sadden,6.0
saddle,6.0
sadly,4.0
sadness,4.0
safe,2.5
safely,3.0
safety,4.5
sail,3.5
sailing,2.0
sailor,3.0
saint,5.0
salad,2.0
salary,3.0
sale,4.0
sales,4.0
salesman,3.0
salesperson,2.0
saleswoman,3.0
salmon,3.0
salon,3.0
salt,1.0
salty,4.0
same,1.0
sample,5.0
sanction,6.0
sand,3.0
sandal,3.0
sandwich,1.0
sandy,3.0
sane,6.0
sarcastic,6.0
satellite,4.0
satisfaction,4.0
satisfactorily,5.0
satisfactory,4.0
satisfied,3.0
satisfy,4.0
saturday,1.0
sauce,2.0
saucer,3.0
sausage,2.0
save,2.0
savings,4.5
say,3.0
saying,6.0
scale,4.0
scan,5.5
scandal,4.0
scar,5.0
scarce,5.0
scarcely,6.0
scarcity,6.0
scare,5.0
scared,3.0
scarf,2.0
scary,3.0
scattered,6.0
scenario,6.0
scene,4.0
scenery,3.0
scenic,5.0
scent,4.0
schedule,3.5
scheduled,4.0
scheme,4.0
scholar,5.0
scholarship,5.0
school,2.0
schoolchild,2.0
schooling,6.0
science,2.5
scientific,3.0
scientifically,4.0
scientist,3.0
scissors,2.0
scooter,2.0
scope,5.5
score,3.0
scrap,6.0
scratch,4.0
scream,3.0
screen,2.0
script,5.0
scruffy,6.0
scrutiny,6.0
sculpture,3.0
sea,2.0
seal,6.0
search,3.0
seaside,3.0
season,3.0
seasonal,4.0
seat,4.0
secluded,6.0
second,3.0
secondary,3.0
secondhand,3.0
secondly,4.0
secret,3.0
secretary,5.0
secretly,3.0
section,3.0
sector,5.0
secure,4.5
security,5.0
sedentary,6.0
seduce,6.0
see,3.5
seed,4.0
seek,5.0
seemingly,5.0
seize,5.0
seldom,4.0
select,3.0
selection,4.0
selective,5.0
self,5.0
selfassurance,6.0
selfassured,6.0
selfawareness,6.0
selfcentered,5.0
selfconfidence,4.0
selfconfident,4.0
selfconscious,5.0
selfcontrol,6.0
selfdiscipline,6.0
selfesteem,5.0
selfish,3.0
selfishness,5.0
selfmade,6.0
selfreliance,6.0
selfreliant,6.0
selfrespect,6.0
selfservice,3.0
selfsufficient,6.0
sell,3.0
seller,3.0
semester,2.0
semicolon,4.0
semifinal,4.0
seminar,4.0
send,4.0
senior,4.0
sensation,4.0
sensational,5.5
sense,4.0
senseless,6.0
sensibility,6.0
sensible,3.0
sensibly,5.0
sensitive,4.0
sensitivity,5.0
sentence,4.0
sentiment,6.0
sentimental,6.0
separate,4.0
separately,4.0
separation,4.0
september,1.0
sequence,6.0
serene,6.0
serenity,6.0
serial,5.0
series,4.0
serious,3.0
seriously,3.5
servant,4.0
serve,5.0
server,3.0
service,4.0
session,3.0
set,4.0
setback,5.0
setting,4.0
settle,4.0
settlement,6.0
seven,1.0
seventeen,1.0
seventh,2.0
seventy,2.0
several,2.0
severe,4.0
severely,4.0
severity,6.0
sew,3.0
sewing,5.0
sex,3.0
sexual,4.5
sexy,4.0
shabby,5.5
shade,4.0
shadow,3.0
shake,4.0
shaken,6.0
shallow,5.0
shame,5.0
shameful,5.0
shampoo,2.0
shape,4.5
share,3.5
shark,3.0
sharp,4.5
sharpen,6.0
sharply,4.0
shattered,6.0
shave,3.0
she,1.0
shed,4.0
sheep,1.0
sheer,5.0
sheet,3.0
shelf,2.0
shell,4.0
shelter,4.0
shield,5.5
shift,5.0
shine,5.5
shiny,3.0
ship,2.0
shirt,1.0
shiver,4.0
shock,5.0
shocked,3.0
shocking,3.0
shoe,1.0
shoot,3.0
shooting,4.0
shop,2.5
shopping,1.0
shore,3.0
short,1.5
shortage,4.0
shortcoming,5.0
shorten,5.0
shortly,4.0
shorts,2.0
shortsighted,6.0
shortterm,4.0
shot,4.0
should,3.0
shoulder,3.0
shout,2.5
shovel,6.0
show,4.0
shower,2.0
shrewd,6.0
shrimp,3.0
shrink,4.0
shrug,6.0
shudder,6.0
shut,2.5
shuttle,5.0
shy,3.0
shyness,5.0
sibling,6.0
sick,4.0
sickness,4.0
side,4.0
sidewalk,3.0
sideways,6.0
sigh,4.0
sight,3.5
sightseeing,2.0
sign,3.0
signal,4.0
signature,3.0
significance,5.0
significant,4.0
signpost,3.0
silence,4.0
silent,3.5
silently,4.0
silk,3.0
silly,3.0
silver,2.0
silverware,6.0
similar,3.0
similarity,4.0
similarly,5.0
simple,3.0
simplicity,5.0
simplification,6.0
simplify,5.0
simply,4.0
simulation,5.0
simultaneous,5.0
simultaneously,4.0
sin,6.0
since,3.0
sincere,5.0
sincerely,5.0
sincerity,6.0
sing,1.0
singer,2.0
singing,2.0
single,2.0
singular,2.0
sink,3.0
sip,5.5
sir,3.0
siren,6.0
sister,1.0
sisterinlaw,4.0
sit,1.5
site,2.5
situation,3.0
six,1.0
sixteen,1.0
sixth,2.0
sixty,2.0
size,2.0
skate,2.5
skateboard,2.0
skateboarding,2.0
skating,2.0
skeleton,4.0
skeptical,6.0
sketch,5.0
ski,3.0
skiing,2.0
skill,3.0
skilled,4.0
skillful,4.5
skin,3.5
skip,4.5
skirt,1.0
skull,6.0
sky,2.0
slam,4.0
slang,5.0
slap,5.0
slash,4.0
slaughter,6.0
slave,4.0
slavery,5.0
sleep,3.0
sleepy,4.0
sleeve,3.0
slender,6.0
slice,4.0
slight,4.0
slightly,4.0
slim,3.5
slip,4.5
slippery,5.0
slogan,5.0
slope,4.0
slot,5.0
slow,4.0
slowly,2.0
small,1.0
smart,5.0
smash,4.0
smell,3.5
smile,3.0
smog,5.0
smoke,2.0
smoker,4.0
smoking,1.0
smoky,6.0
smooth,5.0
smoothly,5.0
smuggle,5.0
snack,2.0
snake,2.0
snap,6.0
snatch,6.0
sneaker,2.0
sneeze,4.0
sniff,6.0
snob,6.0
snobbish,6.0
snore,4.0
snow,1.5
snowboard,3.0
snowboarding,2.0
so,2.0
soak,4.5
soaked,4.0
soaking,4.0
soap,2.5
soar,6.0
soaring,5.0
sob,4.0
sober,6.0
socalled,4.0
soccer,2.0
sociable,3.0
social,3.5
socialism,6.0
socialist,5.0
socialize,4.0
society,3.5
sock,2.0
sofa,2.0
soft,2.0
softly,3.0
softness,4.0
software,2.0
soil,4.0
solar,4.0
soldier,3.0
sole,5.0
solely,5.0
solid,4.5
solidarity,5.0
solitary,6.0
solitude,5.0
solo,4.0
solution,3.0
solve,3.0
some,1.0
somebody,2.0
somehow,3.5
someone,2.0
someplace,3.0
something,1.0
sometimes,1.0
somewhat,5.0
somewhere,2.0
son,1.0
song,2.0
soninlaw,4.0
soon,2.0
soothing,6.0
sophisticated,4.0
sore,3.0
sorrow,6.0
sorry,2.0
sort,3.0
soul,4.0
sound,2.0
soundtrack,4.0
soup,1.0
sour,3.0
source,4.5
south,2.0
southeast,3.0
southern,3.0
southwest,3.0
souvenir,3.0
sow,5.0
soy,5.0
space,3.0
spacious,5.0
spam,5.0
spare,4.0
spark,6.0
sparkling,4.5
sparsely,6.0
speak,1.0
speaker,3.0
special,2.5
specialist,4.0
specialize,4.0
specially,3.0
specialty,5.0
species,4.0
specific,4.5
specifically,5.0
specification,5.0
specify,4.0
specimen,6.0
spectacular,3.0
spectator,4.0
spectrum,5.5
speculate,6.0
speculation,5.0
speech,3.5
speechless,5.0
speed,3.5
spell,2.0
spelling,2.0
spend,2.0
spending,6.0
sphere,5.0
spice,4.5
spicy,3.0
spider,3.0
spill,3.0
spin,5.0
spinach,3.0
spine,5.0
spirit,4.5
spiritual,4.0
spiritually,6.0
spit,6.0
spite,6.0
splash,4.0
splendid,5.0
splendor,6.0
split,5.5
spoil,4.0
spokesman,5.0
spokesperson,5.0
sponsor,4.0
sponsorship,5.0
spoon,2.0
sport,1.0
sports,3.0
sporty,5.0
spot,4.0
spotless,6.0
spotlight,6.0
spouse,6.0
spray,4.0
spread,4.0
spreadsheet,4.0
spring,3.5
sprinkle,6.0
spur,6.0
spy,4.0
squad,6.0
squander,6.0
square,2.0
squash,4.0
squeak,6.0
squeaky,6.0
squeeze,4.0
stab,4.0
stability,5.0
stable,5.0
stadium,2.0
staff,2.0
stage,3.0
stagger,6.0
staggering,5.0
stain,6.0
staircase,5.0
stairs,2.0
stale,5.0
stall,3.0
stamina,5.0
stamp,4.0
stance,6.0
stand,5.0
standard,4.0
standpoint,6.0
star,2.0
stardom,6.0
stare,4.0
start,3.5
starvation,6.0
starve,5.0
starving,4.0
state,4.0
statement,5.0
stateoftheart,5.0
station,2.0
statistic,5.0
statistical,5.0
statistics,4.0
statue,3.0
status,5.0
stay,2.5
steadily,4.0
steady,4.0
steak,2.0
steal,2.0
steam,4.0
steel,4.0
steep,4.0
steer,4.0
step,3.0
stepfather,4.0
stepmother,4.0
stereotype,5.0
stereotypical,6.0
stern,6.0
stick,3.0
sticky,3.0
stiff,5.0
still,3.5
stimulate,4.0
stimulus,6.0
stir,6.0
stitch,6.0
stock,4.5
stocking,5.0
stomach,2.0
stomachache,2.0
stone,3.0
stool,4.0
stop,2.5
stopover,4.0
storage,4.0
store,4.0
storm,2.0
stormy,4.5
story,4.0
stove,2.0
straight,3.0
straightforward,4.0
strain,4.0
strand,6.0
stranded,6.0
strange,2.5
strangely,4.0
stranger,3.0
strap,6.0
strategic,5.0
strategically,6.0
strategy,4.0
straw,5.5
strawberry,3.0
stream,3.0
street,1.0
strength,5.0
strengthen,4.0
strenuous,6.0
stress,4.0
stressed,3.0
stressful,3.0
stretch,4.0
strict,4.0
strictly,4.0
strike,4.0
striker,5.0
striking,4.0
string,4.0
strip,5.0
stripe,3.0
strive,6.0
stroke,4.5
stroll,5.0
strong,3.0
strongly,4.0
structural,6.0
structure,6.0
structured,6.0
struggle,4.0
stubborn,4.0
stubbornness,6.0
stuck,4.5
student,1.0
studies,2.0
studio,3.0
study,4.0
stuff,3.0
stumble,6.0
stunned,6.0
stunning,4.0
stupid,3.0
stupidity,6.0
style,3.0
stylish,3.0
subconsciously,6.0
subject,3.0
subjective,5.0
submit,5.0
subsequent,5.0
subsequently,5.0
subsidy,5.0
substance,4.0
substantial,4.0
substantially,5.0
substitute,4.0
substitution,5.0
subtitles,5.0
subtle,6.0
suburb,4.0
subway,1.0
succeed,3.0
success,3.0
successful,4.0
successfully,4.0
successive,6.0
successor,5.5
succumb,6.0
such,4.5
suck,6.0
sudden,4.0
suddenly,3.0
sue,5.0
suffer,4.0
sufferer,6.0
suffering,4.0
sufficient,4.0
sufficiently,5.0
suffix,4.0
sugar,1.0
suggest,3.0
suggestion,3.0
suicide,4.0
suit,4.0
suitability,5.0
suitable,3.0
suitably,4.0
suitcase,2.0
sum,3.0
summarize,5.0
summary,4.0
summer,1.0
summit,5.5
summon,6.0
sun,1.0
sunbathe,3.0
sunday,1.0
sunglasses,2.0
sunlight,4.0
sunny,2.0
sunrise,3.0
sunset,3.0
sunshine,3.0
superb,4.0
superficial,6.0
superficially,6.0
superfluous,6.0
superior,5.0
superiority,6.0
superlative,2.0
supermarket,1.0
supernatural,4.0
supervise,4.0
supervision,5.0
supervisor,5.0
supper,2.0
supplement,6.0
supplementary,6.0
supplier,4.0
supply,4.0
support,4.0
supporter,4.0
supportive,5.0
suppose,5.0
supposedly,5.0
suppress,6.0
supreme,5.0
sure,2.0
surely,4.0
surf,2.5
surface,4.0
surfing,2.0
surge,5.0
surgeon,5.0
surgery,4.0
surname,6.0
surpass,6.0
surplus,6.0
surprise,3.0
surprised,2.0
surprising,3.0
surprisingly,3.0
surrender,6.0
surround,4.5
surrounding,4.0
surroundings,4.0
survey,5.0
survival,4.0
survive,4.0
survivor,4.0
suspect,4.0
suspend,4.5
suspense,6.0
suspicion,4.5
suspicious,4.0
suspiciously,4.0
sustain,6.0
sustainability,6.0
sustainable,5.0
swallow,5.0
swan,4.0
swap,5.0
swear,4.0
sweat,4.0
sweater,2.0
sweatshirt,3.0
sweep,4.0
sweet,2.0
sweets,2.0
swift,6.0
swiftly,6.0
swim,1.5
swimmer,3.0
swimming,2.0
swimsuit,2.0
swing,4.0
switch,3.5
swollen,4.0
sword,4.0
syllabus,6.0
symbol,4.0
symbolic,6.0
sympathetic,5.0
sympathize,6.0
sympathy,5.0
symptom,5.0
synonym,6.0
synonymous,6.0
system,4.0
systematic,6.0
systematically,6.0
table,2.0
tablecloth,4.0
tablet,3.0
tabloid,4.0
tackle,4.0
tact,6.0
tactful,6.0
tactic,5.0
tactless,6.0
tail,4.0
tailpipe,5.0
take,3.0
takeout,3.0
takeover,5.0
tale,4.0
talent,3.0
talented,3.0
talk,4.0
talkative,5.0
talks,6.0
tall,1.5
tan,4.0
tangible,6.0
tank,5.5
tap,4.0
target,4.5
task,4.0
taste,4.0
tasteful,6.0
tasteless,6.0
tasty,3.0
tax,4.0
taxi,1.0
taxpayer,6.0
tea,1.0
teach,2.0
teacher,1.0
teaching,3.0
team,2.5
teamwork,5.0
tear,3.0
tease,4.0
teaspoon,4.0
technical,4.0
technically,5.5
technician,5.0
technique,3.0
techno,5.0
technological,4.0
technologically,5.0
technology,3.0
tedious,5.0
teenage,3.0
teenager,2.0
telecommunications,4.0
telephone,2.0
telescope,4.0
television,1.0
tell,2.5
temper,4.0
temperature,2.5
temple,3.0
temporarily,4.0
temporary,3.0
temptation,4.0
ten,1.0
tenant,6.0
tendency,5.0
tender,6.0
tenderness,6.0
tennis,1.0
tense,4.0
tension,4.0
tent,3.0
term,4.5
terminal,4.0
terms,4.0
terrace,4.0
terrible,2.0
terribly,3.5
terrific,4.0
terrified,3.0
terrify,4.0
terrifying,4.0
territorial,6.0
territory,4.0
terror,4.0
terrorism,4.0
terrorist,4.0
test,3.5
testify,6.0
text,2.5
textbook,2.0
texture,5.0
than,1.5
thank,2.0
thankful,5.0
thankfully,5.0
thanks,2.5
that,2.0
the,2.0
theater,2.0
theft,4.0
their,2.0
theirs,2.0
them,2.0
theme,4.0
themselves,3.0
then,1.5
theoretical,6.0
theoretically,6.0
theory,5.0
therapeutic,5.0
therapist,5.0
therapy,4.0
there,1.5
thereafter,6.0
thereby,5.0
therefore,3.0
thermometer,4.0
these,1.0
thesis,5.0
they,3.0
thick,3.0
thief,3.0
thigh,4.0
thin,2.0
thing,2.0
things,2.0
think,2.5
thinker,6.0
third,3.0
thirst,4.0
thirsty,2.0
thirteen,1.0
thirty,2.0
this,2.0
thorough,4.0
thoroughly,4.0
those,1.0
though,4.0
thought,4.0
thoughtful,5.0
thoughtfully,6.0
thoughtless,6.0
thousand,2.0
thread,6.0
threat,4.0
threaten,5.0
three,1.0
threshold,6.0
thrill,5.5
thrilled,4.0
thriller,3.0
thrilling,4.0
thrive,5.0
thriving,6.0
throat,3.0
throne,6.0
through,3.0
throughout,5.0
throw,2.0
thumb,3.0
thunder,3.0
thunderstorm,2.0
thursday,1.0
thus,4.0
tick,6.0
ticket,1.0
tide,4.0
tidy,6.0
tie,3.0
ties,6.0
tiger,3.0
tight,4.0
tighten,4.0
tightly,4.0
tights,2.0
till,2.5
timber,6.0
time,3.0
timeconsuming,5.0
times,4.0
timid,6.0
timing,4.0
tin,6.0
tiny,3.0
tip,5.0
tire,4.0
tired,1.0
tiredness,4.0
tiresome,6.0
tiring,3.0
tissue,3.0
title,4.5
to,3.0
toast,3.5
tobacco,5.0
today,2.5
toddler,6.0
toe,2.0
toenail,4.0
together,4.0
toilet,1.0
token,5.0
tolerance,6.0
tolerant,5.0
tolerate,5.0
toll,5.5
tomato,1.0
tomb,4.0
tomorrow,1.0
ton,4.0
tone,4.0
tongue,3.0
tonight,1.5
too,1.0
tool,4.0
tooth,1.0
toothache,2.0
toothbrush,2.0
toothpaste,3.0
top,3.0
topic,3.0
tornado,4.0
torrential,6.0
torture,6.0
total,3.0
totalitarian,6.0
totally,3.0
touch,4.0
tough,5.0
toughness,6.0
tour,2.5
tourism,3.0
tourist,2.0
tournament,3.0
toward,4.5
towel,2.0
tower,3.0
town,2.0
toxic,4.0
toy,2.0
trace,5.0
track,4.0
tractor,6.0
trade,4.0
trader,6.0
tradition,4.0
traditional,3.0
traditionally,4.0
traffic,4.0
tragedy,4.0
tragic,4.0
tragically,6.0
trail,6.0
train,3.5
trainee,5.0
trainer,3.0
training,3.0
trait,6.0
tram,2.0
tranquil,5.0
tranquility,6.0
transaction,5.0
transfer,4.0
transform,4.0
transformation,5.0
transition,6.0
transitive,4.0
translate,4.5
translation,3.0
transmission,6.0
transmit,5.5
transparent,4.0
transplant,6.0
transport,4.0
transportation,3.5
trap,4.0
trash,3.0
trauma,6.0
traumatic,6.0
travel,3.0
traveler,3.0
tray,4.0
treasure,6.0
treat,4.0
treatment,4.0
treaty,6.0
tree,1.0
trek,5.0
trekking,4.0
tremble,4.0
tremendous,4.0
tremendously,4.0
trend,3.0
trial,4.5
triangle,4.0
tribal,6.0
tribe,4.0
tribute,6.0
trick,3.5
tricky,4.0
trigger,5.0
trilogy,6.0
trio,6.0
trip,3.0
triumph,5.5
trivial,4.0
troops,6.0
trophy,4.0
tropical,4.0
trouble,4.0
troubled,5.0
troublesome,6.0
trousers,5.0
truck,3.0
true,3.0
truly,4.5
trumpet,3.0
trunk,3.5
trust,3.5
trustworthy,5.0
truth,5.0
try,3.5
tshirt,1.0
tube,3.5
tuesday,1.0
tuition,5.0
tuna,3.0
tune,5.0
tunnel,3.0
turbulent,6.0
turkey,3.0
turmoil,6.0
turn,3.0
tutor,4.0
tv,1.0
twelve,1.0
twenty,1.0
twice,2.0
twin,3.0
twist,6.0
twisted,5.0
two,1.0
type,4.0
typical,3.0
typically,3.5
ultimate,4.5
ultimately,5.5
umbrella,2.0
unacceptable,4.0
unaffected,6.0
unaffordable,5.0
unanimous,6.0
unanimously,6.0
unattainable,6.0
unattractive,4.5
unavailable,4.5
unavoidable,5.0
unavoidably,6.0
unaware,4.0
unbalanced,6.0
unbearable,4.0
unbelievable,3.5
unbiased,6.0
uncertain,4.0
uncertainty,5.0
unchanged,4.0
uncle,2.0
unclear,4.0
uncomfortable,4.0
uncomfortably,5.0
uncommon,5.0
unconditional,6.0
unconscious,5.0
unconsciously,6.0
unconventional,5.0
uncover,5.0
undeniable,5.0
undeniably,6.0
under,2.0
underdeveloped,6.0
underestimate,4.5
undergo,5.0
underline,3.5
underlying,6.0
undermine,6.0
underneath,3.5
underpaid,5.0
underpants,3.0
undershirt,5.0
understand,2.0
understandable,4.0
understandably,5.0
understanding,4.0
undertake,5.0
undertaking,6.0
underwater,4.0
underway,6.0
underwear,3.0
undesirable,6.0
undeveloped,6.0
undo,4.0
undoubtedly,5.0
undress,3.0
undressed,4.0
undue,6.0
uneasy,4.0
unemployed,3.0
unemployment,3.0
unethical,6.0
uneven,6.0
uneventful,6.0
unexpected,3.0
unexpectedly,4.0
unfair,3.5
unfairly,4.0
unfamiliar,4.0
unfashionable,4.0
unfavorable,6.0
unfit,4.0
unfold,5.5
unforeseen,5.0
unforgettable,3.0
unfortunate,4.0
unfortunately,2.0
unfriendly,3.0
unhappiness,4.0
unhappy,2.5
unhealthy,3.0
unhelpful,4.5
uniform,2.0
unimaginable,6.0
unimportant,3.0
uninhabited,6.0
uninterested,3.0
uninteresting,3.0
union,3.5
unique,4.0
unit,4.0
unite,5.0
united,4.0
unity,5.0
universal,4.0
universally,5.0
university,1.0
unjustified,5.0
unkind,3.0
unknown,3.0
unless,3.0
unlike,5.0
unlikely,4.5
unlimited,4.0
unload,5.5
unlock,4.0
unlucky,3.0
unmarried,5.0
unnatural,4.0
unnecessarily,5.0
unnecessary,3.0
unnoticed,5.0
unpack,3.0
unpaid,5.0
unpleasant,4.0
unpopular,4.0
unprecedented,6.0
unpredictable,4.0
unproductive,5.0
unprofessional,5.0
unqualified,5.0
unquestionably,5.0
unreal,5.0
unrealistic,4.0
unreasonable,4.0
unreasonably,5.0
unrelated,5.0
unreliable,4.0
unrest,6.0
unsafe,5.0
unsatisfactory,4.0
unscrupulous,6.0
unsolved,5.0
unspoiled,5.0
unsuccessful,4.0
unsuccessfully,5.0
unsuitable,4.0
unsure,4.0
unsustainable,6.0
unthinkable,5.0
untie,4.0
until,3.0
untouched,5.0
untrue,5.0
unusual,2.0
unusually,6.0
unwanted,5.0
unwell,3.0
unwilling,4.0
unwillingly,5.0
unwillingness,5.0
unwind,5.5
unwise,6.0
up,2.5
upbringing,4.0
upcoming,5.0
update,4.0
upgrade,4.0
uphill,6.0
uphold,6.0
upkeep,6.0
upload,3.0
upon,4.0
upper,3.0
upperclass,5.0
upright,4.0
upset,3.0
upstairs,2.5
uptodate,3.0
upward,5.0
urban,4.0
urge,6.0
urgent,3.0
urgently,3.0
us,1.0
usage,5.0
use,3.0
used,3.0
useful,2.0
usefulness,5.0
useless,4.5
user,3.0
usual,3.0
usually,2.0
utmost,5.0
utter,6.0
utterly,5.0
vacancy,5.0
vacant,4.0
vacation,1.0
vaccinate,6.0
vaccination,6.0
vaccine,6.0
vague,5.5
vaguely,6.0
vain,6.0
valid,4.0
validity,6.0
valley,3.0
valuable,3.5
value,3.5
values,4.0
van,3.0
vandalism,6.0
vanish,4.0
vanity,6.0
variable,5.0
variation,5.0
varied,4.0
variety,3.0
various,2.0
vary,4.0
vase,3.0
vast,4.0
vegetable,1.0
vegetarian,3.0
vegetation,5.0
vehicle,3.0
veil,5.5
vein,5.0
velvet,6.0
venture,6.0
venue,4.0
verb,2.0
verbal,5.5
verdict,5.5
verify,5.0
versatile,6.0
verse,4.0
version,4.5
versus,5.0
vertical,5.0
very,3.5
vest,6.0
vet,3.0
veteran,6.0
via,3.0
viable,6.0
vice,6.0
vicious,6.0
victim,4.0
victory,4.0
video,2.0
view,5.0
viewer,4.0
viewpoint,5.0
village,1.0
vine,5.0
vinegar,4.0
violate,6.0
violence,5.0
violent,4.0
violently,4.0
violin,2.0
virgin,6.0
virtual,4.5
virtually,4.0
virtue,6.0
virus,3.5
visa,3.0
visible,4.5
visibly,6.0
vision,4.0
visit,1.5
visitor,2.0
visual,4.0
vital,4.0
vitality,6.0
vitally,6.0
vitamin,4.0
vivacious,6.0
vivid,4.0
vividly,4.0
vocabulary,3.5
vocation,6.0
vocational,5.0
voice,4.5
volcano,4.0
volleyball,2.0
volume,4.0
voluntarily,6.0
voluntary,5.0
volunteer,4.5
vomit,6.0
vote,3.0
voter,6.0
vow,6.0
vowel,3.0
voyage,4.0
vulnerable,6.0
wage,3.0
waist,4.0
wait,4.0
waiter,1.0
waitress,1.0
walk,2.0
walker,5.0
walking,2.0
wall,1.0
wallet,2.0
wander,4.0
want,1.0
war,4.0
ward,4.0
wardrobe,4.0
warehouse,6.0
warm,2.5
warmly,4.0
warmth,4.0
warn,3.0
warning,3.0
warrior,5.0
wary,6.0
wash,1.0
wasp,4.0
waste,3.0
wastebasket,2.0
watch,1.0
water,3.0
waterfall,3.0
waterproof,4.0
wave,4.5
way,3.0
we,2.0
weak,4.0
weaken,5.5
weakness,4.0
wealth,4.0
wealthy,4.0
weapon,4.0
wear,4.0
weary,6.0
weather,1.0
web,3.0
webcam,3.0
wedding,3.0
wednesday,1.0
weed,6.0
week,1.0
weekday,2.0
weekend,1.0
weekly,2.0
weep,6.0
weigh,3.5
weight,4.0
weird,4.0
welcome,3.0
welfare,5.0
well,1.5
wellbalanced,4.5
wellbeing,5.0
wellbuilt,4.0
welldressed,3.0
welleducated,5.0
wellequipped,5.0
wellinformed,5.0
wellknown,2.0
welloff,5.0
wellorganized,4.0
wellpaid,4.0
wellqualified,5.0
west,2.0
western,3.0
wet,2.0
whale,3.0
what,2.0
whatever,4.0
wheat,4.0
wheel,2.0
wheelchair,3.0
when,2.0
whenever,4.5
where,2.0
whereabouts,6.0
whereas,4.0
whereby,6.0
wherever,3.0
whether,3.0
which,2.5
whichever,4.0
while,3.0
whim,6.0
whiskey,4.0
whisper,4.0
whistle,4.0
white,2.5
who,2.0
whoever,4.0
whole,4.0
wholeheartedly,6.0
wholly,6.0
whom,4.0
whose,3.0
why,2.0
wicked,6.0
wide,3.0
widely,4.0
widen,4.0
widespread,5.0
widow,4.0
width,4.0
wield,6.0
wife,1.0
wild,4.0
wilderness,6.0
wildlife,3.0
wildly,5.0
will,2.0
willing,6.0
willingly,4.0
willingness,4.0
willpower,6.0
win,3.0
wind,1.0
winding,4.0
window,2.0
windshield,3.0
windsurfing,3.0
windy,2.0
wine,1.0
wing,4.0
wink,6.0
winner,2.0
winter,1.0
wipe,4.0
wire,4.0
wisdom,4.0
wise,4.0
wisely,5.0
wish,5.0
wit,5.0
witch,5.0
with,3.0
withdraw,5.0
withdrawal,6.0
withdrawn,6.0
within,3.5
without,2.0
withstand,6.0
witness,4.0
witty,4.0
wolf,4.0
woman,1.0
wonder,3.0
wonderful,2.0
wood,2.0
wooden,2.0
woodland,6.0
woods,2.0
wool,2.0
word,1.0
work,2.0
workaholic,6.0
workbook,2.0
worker,2.0
workforce,5.5
working,3.0
workingclass,5.0
workout,3.0
workplace,5.0
workshop,5.0
world,2.0
worldwide,4.0
worm,4.0
worried,2.0
worry,3.5
worrying,4.0
worse,3.0
worsen,5.0
worship,5.0
worst,3.0
worthless,5.5
worthwhile,4.0
worthy,5.0
would,3.0
wouldbe,6.0
wound,4.0
wow,2.0
wrap,3.5
wreck,6.0
wreckage,6.0
wretched,6.0
wrinkle,6.0
wrinkled,6.0
wrist,4.0
write,2.0
writer,3.0
writing,2.5
written,3.0
wrong,3.0
wrongly,4.0
xenophobia,6.0
xray,4.0
yacht,4.0
yard,2.5
yawn,4.0
yeah,2.0
year,1.5
yell,4.0
yellow,1.5
yes,1.0
yesterday,1.0
yet,2.5
yield,5.5
yoga,3.0
yogurt,2.0
you,1.5
young,1.0
youngster,5.0
your,2.0
yours,2.0
yourself,4.0
youth,3.0
zebra,4.0
zero,2.5
zipper,4.0
zone,3.0
zoo,1.0
zucchini,4.0
